Exam_ID,Exam_Name,Exam_Date,Max_Grade,Start_Time,End_Time,Crs_Id
4,CRS_83 September,2024-09-21,50,12:45,13:45,83
5,CRS_10 May,2021-05-01,50,09:15,10:15,10
6,CRS_45 July,2021-07-10,50,15:15,18:15,45
7,CRS_79 February,2024-02-14,50,13:45,15:45,79
8,CRS_37 July,2020-07-14,50,10:00,13:00,37
9,CRS_11 February,2024-02-11,50,17:00,19:00,11
10,CRS_39 October,2024-10-06,50,12:00,13:00,39
11,CRS_28 June,2024-06-11,50,12:00,15:00,28
12,CRS_59 August,2022-08-08,50,16:45,17:45,59
13,CRS_23 August,2024-08-06,50,17:00,19:00,23
14,CRS_15 March,2022-03-12,50,10:15,13:15,15
15,CRS_24 December,2021-12-15,50,11:00,13:00,24
16,CRS_26 January,2022-01-26,50,17:45,20:45,26
17,CRS_66 November,2021-11-02,50,17:00,18:00,66
18,CRS_48 May,2022-05-19,50,09:45,11:45,48
19,CRS_57 August,2023-08-10,50,17:45,20:45,57
20,CRS_44 July,2022-07-17,50,10:30,13:30,44
21,CRS_89 September,2023-09-12,50,16:00,19:00,89
22,CRS_27 November,2024-11-16,50,13:15,14:15,27
23,CRS_61 January,2021-01-25,50,13:15,14:15,61
24,CRS_7 May,2021-05-15,50,16:45,18:45,7
25,CRS_29 November,2022-11-22,50,16:00,17:00,29
26,CRS_66 October,2022-10-20,50,11:00,12:00,66
27,CRS_45 April,2024-04-06,50,14:15,16:15,45
28,CRS_11 September,2023-09-05,50,11:30,14:30,11
29,CRS_83 January,2023-01-20,50,16:00,17:00,83
30,CRS_32 April,2024-04-26,50,16:45,17:45,32
31,CRS_24 December,2020-12-22,50,15:30,17:30,24
32,CRS_23 February,2024-02-24,50,12:30,14:30,23
33,CRS_2 February,2024-02-03,50,14:30,17:30,2
34,CRS_51 October,2022-10-24,50,14:15,17:15,51
35,CRS_8 December,2022-12-03,50,16:00,18:00,8
36,CRS_42 February,2021-02-10,50,11:30,13:30,42
37,CRS_33 December,2021-12-25,50,16:30,17:30,33
38,CRS_56 May,2022-05-04,50,16:45,17:45,56
39,CRS_29 February,2024-02-04,50,15:30,18:30,29
40,CRS_32 October,2021-10-08,50,17:30,20:30,32
41,CRS_3 December,2024-12-13,50,15:15,16:15,3
42,CRS_62 December,2023-12-08,50,17:00,19:00,62
43,CRS_53 August,2024-08-13,50,09:45,10:45,53
44,CRS_66 October,2024-10-11,50,11:00,12:00,66
45,CRS_65 May,2023-05-10,50,17:00,18:00,65
46,CRS_55 November,2021-11-27,50,09:15,10:15,55
47,CRS_1 October,2020-10-22,50,17:15,20:15,1
48,CRS_71 July,2020-07-19,50,12:45,13:45,71
49,CRS_60 October,2020-10-08,50,14:45,16:45,60
50,CRS_52 November,2020-11-23,50,17:15,18:15,52
51,CRS_93 April,2024-04-25,50,09:45,12:45,93
52,CRS_68 May,2024-05-24,50,16:15,17:15,68
53,CRS_71 March,2023-03-11,50,12:15,14:15,71
54,CRS_89 August,2023-08-10,50,13:00,16:00,89
55,CRS_64 March,2024-03-11,50,15:30,17:30,64
56,CRS_94 December,2021-12-06,50,16:45,17:45,94
57,CRS_81 February,2022-02-04,50,15:15,17:15,81
58,CRS_36 June,2022-06-26,50,14:15,16:15,36
59,CRS_91 October,2023-10-27,50,14:15,17:15,91
60,CRS_79 August,2021-08-22,50,16:00,18:00,79
61,CRS_76 June,2022-06-01,50,13:15,15:15,76
62,CRS_36 October,2024-10-15,50,17:45,18:45,36
63,CRS_78 December,2024-12-17,50,16:45,19:45,78
64,CRS_76 January,2023-01-24,50,12:00,15:00,76
65,CRS_48 April,2024-04-26,50,15:45,17:45,48
66,CRS_86 October,2023-10-06,50,15:30,17:30,86
67,CRS_2 September,2024-09-11,50,17:45,20:45,2
68,CRS_78 September,2022-09-09,50,09:30,12:30,78
69,CRS_50 December,2024-12-28,50,17:30,18:30,50
70,CRS_35 September,2024-09-12,50,12:45,14:45,35
71,CRS_21 August,2022-08-16,50,12:30,15:30,21
72,CRS_97 January,2024-01-03,50,14:00,16:00,97
73,CRS_18 May,2021-05-21,50,16:30,19:30,18
74,CRS_48 August,2020-08-27,50,16:00,18:00,48
75,CRS_27 November,2023-11-20,50,12:45,14:45,27
76,CRS_92 August,2020-08-23,50,16:45,19:45,92
77,CRS_67 September,2024-09-17,50,12:45,13:45,67
78,CRS_11 April,2022-04-01,50,15:00,18:00,11
79,CRS_9 July,2021-07-19,50,12:00,15:00,9
80,CRS_89 August,2023-08-23,50,17:45,20:45,89
81,CRS_31 October,2020-10-28,50,09:45,10:45,31
82,CRS_82 February,2020-02-25,50,13:00,16:00,82
83,CRS_92 January,2021-01-25,50,13:15,15:15,92
84,CRS_12 August,2023-08-10,50,14:15,17:15,12
85,CRS_8 July,2024-07-19,50,16:45,19:45,8
86,CRS_31 February,2023-02-16,50,11:30,12:30,31
87,CRS_60 June,2022-06-18,50,17:30,18:30,60
88,CRS_78 September,2024-09-07,50,15:00,17:00,78
89,CRS_1 August,2023-08-22,50,14:00,16:00,1
90,CRS_88 May,2023-05-06,50,09:30,10:30,88
91,CRS_1 February,2021-02-14,50,16:00,17:00,1
92,CRS_45 July,2021-07-14,50,17:15,18:15,45
93,CRS_7 March,2023-03-01,50,16:00,17:00,7
94,CRS_3 July,2023-07-11,50,11:00,12:00,3
95,CRS_6 October,2022-10-22,50,15:00,17:00,6
96,CRS_1 December,2024-12-06,50,14:00,16:00,1
97,CRS_25 April,2023-04-23,50,11:45,14:45,25
98,CRS_99 September,2023-09-21,50,15:00,18:00,99
99,CRS_88 April,2022-04-13,50,14:00,15:00,88
100,CRS_38 October,2023-10-02,50,15:00,17:00,38
101,CRS_67 July,2024-07-26,50,10:30,13:30,67
102,CRS_20 August,2023-08-16,50,09:45,12:45,20
103,CRS_80 April,2023-04-17,50,09:45,12:45,80
104,CRS_10 January,2022-01-16,50,11:45,13:45,10
105,CRS_31 February,2021-02-10,50,14:30,16:30,31
106,CRS_13 July,2022-07-16,50,17:45,20:45,13
107,CRS_2 December,2023-12-07,50,17:00,20:00,2
108,CRS_68 July,2022-07-24,50,15:45,16:45,68
109,CRS_71 February,2022-02-05,50,12:30,13:30,71
110,CRS_27 August,2022-08-21,50,12:00,13:00,27
111,CRS_95 January,2021-01-15,50,17:15,19:15,95
112,CRS_96 August,2021-08-24,50,11:00,14:00,96
113,CRS_37 February,2024-02-21,50,14:45,16:45,37
114,CRS_31 August,2024-08-01,50,11:15,14:15,31
115,CRS_40 September,2020-09-18,50,11:30,13:30,40
116,CRS_52 May,2021-05-07,50,15:30,18:30,52
117,CRS_52 August,2020-08-02,50,11:30,13:30,52
118,CRS_21 December,2023-12-22,50,16:00,19:00,21
119,CRS_76 February,2024-02-23,50,10:00,11:00,76
120,CRS_82 June,2024-06-10,50,12:45,13:45,82
121,CRS_3 October,2022-10-14,50,11:00,14:00,3
122,CRS_81 November,2021-11-27,50,16:00,17:00,81
123,CRS_35 November,2020-11-23,50,12:30,14:30,35
124,CRS_44 April,2021-04-18,50,12:45,14:45,44
125,CRS_27 August,2024-08-25,50,10:45,11:45,27
126,CRS_69 November,2024-11-01,50,11:30,12:30,69
127,CRS_12 April,2024-04-24,50,14:15,16:15,12
128,CRS_64 January,2023-01-13,50,11:45,14:45,64
129,CRS_57 July,2022-07-02,50,16:30,18:30,57
130,CRS_98 February,2023-02-14,50,11:30,14:30,98
131,CRS_25 August,2024-08-05,50,15:30,17:30,25
132,CRS_63 August,2024-08-12,50,12:45,13:45,63
133,CRS_74 July,2022-07-11,50,17:15,18:15,74
134,CRS_71 February,2022-02-01,50,12:15,15:15,71
135,CRS_7 March,2022-03-13,50,11:45,13:45,7
136,CRS_30 March,2023-03-27,50,10:45,12:45,30
137,CRS_98 December,2024-12-09,50,17:15,20:15,98
138,CRS_72 March,2023-03-03,50,10:00,13:00,72
139,CRS_2 September,2021-09-12,50,14:15,15:15,2
140,CRS_16 March,2022-03-10,50,11:00,14:00,16
141,CRS_4 March,2022-03-28,50,15:00,18:00,4
142,CRS_48 February,2022-02-28,50,09:30,10:30,48
143,CRS_91 April,2020-04-20,50,09:30,11:30,91
144,CRS_78 December,2024-12-22,50,16:00,18:00,78
145,CRS_61 April,2023-04-12,50,14:00,16:00,61
146,CRS_58 February,2024-02-15,50,10:00,12:00,58
147,CRS_92 December,2024-12-15,50,10:00,11:00,92
148,CRS_87 February,2022-02-26,50,14:45,16:45,87
149,CRS_16 April,2024-04-14,50,15:00,17:00,16
150,CRS_71 June,2023-06-25,50,10:00,13:00,71
151,CRS_70 February,2023-02-15,50,14:00,16:00,70
152,CRS_51 August,2023-08-25,50,15:00,17:00,51
153,CRS_90 February,2024-02-14,50,17:15,19:15,90
154,CRS_56 June,2020-06-15,50,12:45,13:45,56
155,CRS_38 February,2022-02-18,50,17:15,19:15,38
156,CRS_14 May,2021-05-22,50,15:00,17:00,14
157,CRS_88 January,2023-01-02,50,09:15,11:15,88
158,CRS_2 June,2023-06-01,50,17:00,20:00,2
159,CRS_82 June,2024-06-04,50,11:30,14:30,82
160,CRS_70 September,2023-09-01,50,14:15,16:15,70
161,CRS_74 August,2024-08-27,50,11:45,13:45,74
162,CRS_55 December,2020-12-23,50,11:30,14:30,55
163,CRS_90 September,2022-09-16,50,16:00,17:00,90
164,CRS_16 February,2023-02-04,50,17:45,19:45,16
165,CRS_63 February,2022-02-11,50,09:30,11:30,63
166,CRS_9 September,2021-09-27,50,12:15,15:15,9
167,CRS_18 September,2024-09-20,50,10:30,12:30,18
168,CRS_81 August,2022-08-04,50,17:00,18:00,81
169,CRS_51 October,2024-10-18,50,15:45,16:45,51
170,CRS_78 February,2024-02-03,50,14:45,17:45,78
171,CRS_49 February,2021-02-27,50,15:30,16:30,49
172,CRS_12 February,2020-02-26,50,13:00,16:00,12
173,CRS_97 March,2022-03-19,50,11:45,14:45,97
174,CRS_35 October,2024-10-19,50,16:45,19:45,35
175,CRS_81 November,2024-11-22,50,09:45,10:45,81
176,CRS_62 February,2024-02-24,50,17:30,20:30,62
177,CRS_72 July,2024-07-18,50,11:15,14:15,72
178,CRS_38 March,2024-03-16,50,16:15,17:15,38
179,CRS_10 April,2021-04-26,50,11:30,14:30,10
180,CRS_91 July,2020-07-05,50,13:00,16:00,91
181,CRS_16 March,2024-03-19,50,11:00,12:00,16
182,CRS_46 June,2022-06-12,50,11:00,14:00,46
183,CRS_10 November,2023-11-25,50,13:15,15:15,10
184,CRS_74 November,2024-11-23,50,11:15,13:15,74
185,CRS_93 December,2023-12-26,50,16:15,17:15,93
186,CRS_44 November,2020-11-05,50,16:15,19:15,44
187,CRS_37 October,2021-10-27,50,13:15,15:15,37
188,CRS_42 May,2024-05-21,50,10:00,12:00,42
189,CRS_96 December,2023-12-02,50,10:30,12:30,96
190,CRS_10 October,2023-10-09,50,14:00,17:00,10
191,CRS_69 July,2021-07-17,50,17:15,18:15,69
192,CRS_2 April,2024-04-25,50,09:00,10:00,2
193,CRS_42 March,2020-03-09,50,15:30,17:30,42
194,CRS_73 September,2020-09-19,50,17:00,20:00,73
195,CRS_52 October,2021-10-03,50,16:15,17:15,52
196,CRS_61 July,2024-07-02,50,15:15,18:15,61
197,CRS_13 November,2023-11-06,50,11:00,14:00,13
198,CRS_43 November,2022-11-26,50,13:30,14:30,43
199,CRS_47 November,2023-11-03,50,17:30,20:30,47
200,CRS_25 May,2024-05-05,50,10:00,11:00,25
201,CRS_88 May,2020-05-13,50,10:30,12:30,88
202,CRS_74 May,2022-05-14,50,12:30,15:30,74
203,CRS_100 August,2023-08-23,50,16:45,17:45,100
204,CRS_81 December,2024-12-12,50,15:15,17:15,81
205,CRS_69 July,2021-07-01,50,17:45,19:45,69
206,CRS_50 March,2021-03-11,50,12:00,14:00,50
207,CRS_3 February,2022-02-26,50,12:00,14:00,3
208,CRS_3 January,2023-01-19,50,17:00,18:00,3
209,CRS_73 December,2022-12-19,50,14:00,16:00,73
210,CRS_50 February,2023-02-16,50,15:00,17:00,50
211,CRS_24 May,2023-05-04,50,09:15,12:15,24
212,CRS_3 February,2024-02-15,50,11:30,12:30,3
213,CRS_65 April,2022-04-07,50,17:30,20:30,65
214,CRS_2 July,2022-07-18,50,15:15,17:15,2
215,CRS_99 September,2023-09-13,50,12:45,15:45,99
216,CRS_42 January,2024-01-05,50,17:45,19:45,42
217,CRS_72 March,2024-03-11,50,15:00,16:00,72
218,CRS_96 July,2021-07-01,50,14:30,15:30,96
219,CRS_10 August,2024-08-18,50,16:15,17:15,10
220,CRS_62 November,2021-11-06,50,17:30,19:30,62
221,CRS_31 October,2023-10-16,50,11:30,13:30,31
222,CRS_47 June,2023-06-01,50,12:30,14:30,47
223,CRS_34 June,2023-06-09,50,13:00,16:00,34
224,CRS_58 October,2023-10-28,50,17:15,19:15,58
225,CRS_19 February,2021-02-02,50,15:30,16:30,19
226,CRS_85 October,2024-10-10,50,12:30,14:30,85
227,CRS_20 April,2020-04-27,50,10:30,13:30,20
228,CRS_13 August,2022-08-08,50,16:00,19:00,13
229,CRS_98 February,2024-02-13,50,15:45,16:45,98
230,CRS_56 December,2023-12-01,50,14:15,15:15,56
231,CRS_54 December,2021-12-13,50,13:15,16:15,54
232,CRS_95 September,2024-09-18,50,14:00,15:00,95
233,CRS_88 December,2023-12-03,50,12:15,14:15,88
234,CRS_79 September,2024-09-03,50,14:00,15:00,79
235,CRS_37 August,2022-08-26,50,09:30,10:30,37
236,CRS_25 March,2022-03-14,50,14:15,15:15,25
237,CRS_58 July,2024-07-08,50,11:30,13:30,58
238,CRS_84 October,2024-10-09,50,11:15,13:15,84
239,CRS_7 April,2024-04-09,50,09:45,10:45,7
240,CRS_93 October,2023-10-16,50,17:45,18:45,93
241,CRS_73 November,2023-11-06,50,13:15,14:15,73
242,CRS_90 August,2024-08-08,50,16:30,17:30,90
243,CRS_96 June,2021-06-21,50,12:15,14:15,96
244,CRS_48 January,2021-01-20,50,10:15,12:15,48
245,CRS_71 July,2023-07-07,50,14:30,16:30,71
246,CRS_90 September,2022-09-24,50,11:15,12:15,90
247,CRS_22 July,2023-07-20,50,09:45,10:45,22
248,CRS_48 July,2024-07-20,50,17:15,19:15,48
249,CRS_31 July,2024-07-26,50,15:30,17:30,31
250,CRS_91 September,2022-09-27,50,13:30,15:30,91
251,CRS_5 January,2023-01-01,50,15:30,16:30,5
252,CRS_50 March,2024-03-14,50,16:30,17:30,50
253,CRS_37 August,2023-08-20,50,11:00,13:00,37
254,CRS_98 July,2022-07-01,50,10:30,12:30,98
255,CRS_21 December,2024-12-27,50,15:00,17:00,21
256,CRS_70 July,2023-07-24,50,14:00,16:00,70
257,CRS_74 June,2022-06-06,50,10:45,11:45,74
258,CRS_35 November,2024-11-07,50,14:30,17:30,35
259,CRS_9 July,2023-07-26,50,14:30,15:30,9
260,CRS_21 March,2021-03-22,50,13:15,14:15,21
261,CRS_40 August,2024-08-05,50,11:30,14:30,40
262,CRS_9 May,2024-05-09,50,10:15,11:15,9
263,CRS_18 August,2022-08-10,50,12:45,13:45,18
264,CRS_100 April,2023-04-26,50,09:45,11:45,100
265,CRS_61 April,2022-04-01,50,17:45,20:45,61
266,CRS_66 February,2024-02-07,50,17:45,18:45,66
267,CRS_34 July,2022-07-16,50,17:00,18:00,34
268,CRS_40 January,2024-01-19,50,09:45,10:45,40
269,CRS_81 August,2023-08-06,50,14:00,17:00,81
270,CRS_73 February,2023-02-07,50,17:15,19:15,73
271,CRS_6 January,2024-01-26,50,11:30,12:30,6
272,CRS_46 October,2023-10-20,50,16:15,18:15,46
273,CRS_3 December,2023-12-23,50,12:15,13:15,3
274,CRS_6 February,2021-02-16,50,12:45,15:45,6
275,CRS_34 February,2021-02-19,50,12:00,15:00,34
276,CRS_73 June,2021-06-12,50,10:15,11:15,73
277,CRS_94 August,2024-08-16,50,17:45,18:45,94
278,CRS_75 September,2022-09-04,50,11:45,13:45,75
279,CRS_93 August,2023-08-05,50,12:30,14:30,93
280,CRS_36 March,2023-03-06,50,12:15,13:15,36
281,CRS_70 August,2022-08-05,50,10:30,12:30,70
282,CRS_55 January,2022-01-26,50,15:30,16:30,55
283,CRS_91 September,2022-09-13,50,11:30,12:30,91
284,CRS_32 August,2024-08-08,50,13:15,16:15,32
285,CRS_98 February,2022-02-21,50,17:30,18:30,98
286,CRS_58 June,2023-06-25,50,11:15,13:15,58
287,CRS_80 August,2024-08-12,50,17:00,20:00,80
288,CRS_28 November,2023-11-22,50,15:00,18:00,28
289,CRS_79 April,2022-04-01,50,12:45,13:45,79
290,CRS_44 August,2023-08-02,50,12:45,14:45,44
291,CRS_28 February,2022-02-25,50,15:30,18:30,28
292,CRS_25 February,2024-02-21,50,15:00,16:00,25
293,CRS_83 October,2020-10-14,50,12:30,15:30,83
294,CRS_49 February,2024-02-16,50,09:45,12:45,49
295,CRS_58 November,2024-11-10,50,17:30,19:30,58
296,CRS_6 January,2023-01-05,50,15:00,16:00,6
297,CRS_6 December,2022-12-02,50,11:30,14:30,6
298,CRS_29 August,2023-08-16,50,16:15,17:15,29
299,CRS_65 March,2023-03-10,50,17:15,19:15,65
300,CRS_12 April,2024-04-01,50,15:30,17:30,12
301,CRS_84 April,2023-04-16,50,15:00,18:00,84
302,CRS_8 June,2022-06-24,50,09:30,10:30,8
303,CRS_29 April,2024-04-21,50,09:00,10:00,29
304,CRS_71 November,2021-11-23,50,13:45,16:45,71
305,CRS_55 March,2024-03-03,50,09:15,10:15,55
306,CRS_15 April,2024-04-25,50,16:00,18:00,15
307,CRS_98 January,2021-01-02,50,16:30,19:30,98
308,CRS_73 June,2020-06-08,50,13:00,15:00,73
309,CRS_36 August,2023-08-21,50,14:30,16:30,36
310,CRS_72 December,2023-12-01,50,15:45,18:45,72
311,CRS_89 March,2021-03-11,50,17:15,19:15,89
312,CRS_89 April,2024-04-24,50,09:15,11:15,89
313,CRS_4 December,2024-12-21,50,10:15,13:15,4
314,CRS_66 November,2022-11-16,50,17:15,20:15,66
315,CRS_57 June,2024-06-14,50,14:15,15:15,57
316,CRS_6 April,2023-04-01,50,12:15,14:15,6
317,CRS_27 July,2021-07-02,50,13:30,15:30,27
318,CRS_99 October,2023-10-17,50,09:15,12:15,99
319,CRS_51 March,2024-03-20,50,15:30,17:30,51
320,CRS_12 August,2024-08-02,50,15:00,16:00,12
321,CRS_87 March,2023-03-02,50,10:00,11:00,87
322,CRS_23 April,2023-04-16,50,11:00,12:00,23
323,CRS_54 May,2024-05-07,50,15:00,18:00,54
324,CRS_21 December,2024-12-22,50,16:30,19:30,21
325,CRS_55 March,2024-03-12,50,15:30,16:30,55
326,CRS_31 September,2023-09-25,50,11:00,14:00,31
327,CRS_85 January,2024-01-15,50,14:15,15:15,85
328,CRS_55 June,2024-06-23,50,09:45,11:45,55
329,CRS_53 August,2021-08-27,50,13:15,16:15,53
330,CRS_82 March,2024-03-11,50,11:00,14:00,82
331,CRS_39 December,2024-12-01,50,09:15,10:15,39
332,CRS_23 February,2023-02-15,50,17:45,18:45,23
333,CRS_73 September,2021-09-13,50,15:30,17:30,73
334,CRS_86 December,2024-12-19,50,10:45,11:45,86
335,CRS_55 September,2023-09-01,50,09:30,12:30,55
336,CRS_63 October,2022-10-07,50,11:00,14:00,63
337,CRS_53 May,2023-05-28,50,12:00,15:00,53
338,CRS_76 November,2022-11-11,50,09:15,12:15,76
339,CRS_63 November,2021-11-23,50,09:00,11:00,63
340,CRS_19 April,2021-04-07,50,09:45,10:45,19
341,CRS_56 April,2021-04-07,50,10:30,12:30,56
342,CRS_37 August,2024-08-11,50,17:45,18:45,37
343,CRS_32 March,2021-03-25,50,14:30,17:30,32
344,CRS_62 November,2024-11-17,50,13:30,16:30,62
345,CRS_30 February,2024-02-05,50,15:45,17:45,30
346,CRS_90 November,2021-11-03,50,09:00,11:00,90
347,CRS_38 August,2022-08-22,50,09:45,12:45,38
348,CRS_23 January,2023-01-12,50,12:15,15:15,23
349,CRS_82 July,2022-07-13,50,17:00,20:00,82
350,CRS_90 July,2024-07-21,50,15:30,18:30,90
351,CRS_91 December,2024-12-21,50,10:45,13:45,91
352,CRS_30 October,2024-10-14,50,12:45,14:45,30
353,CRS_38 September,2024-09-01,50,09:00,11:00,38
354,CRS_79 July,2020-07-04,50,09:15,10:15,79
355,CRS_72 November,2024-11-18,50,09:45,10:45,72
356,CRS_2 April,2024-04-23,50,11:45,12:45,2
357,CRS_18 August,2023-08-06,50,15:15,18:15,18
358,CRS_68 April,2024-04-07,50,09:15,10:15,68
359,CRS_69 December,2020-12-22,50,17:15,20:15,69
360,CRS_22 October,2021-10-21,50,15:15,17:15,22
361,CRS_19 November,2022-11-04,50,09:15,12:15,19
362,CRS_51 October,2023-10-13,50,11:15,13:15,51
363,CRS_42 March,2023-03-08,50,10:00,11:00,42
364,CRS_26 August,2024-08-14,50,17:00,20:00,26
365,CRS_99 February,2023-02-11,50,14:15,16:15,99
366,CRS_24 February,2020-02-23,50,11:15,14:15,24
367,CRS_94 September,2020-09-07,50,10:00,11:00,94
368,CRS_56 October,2022-10-28,50,09:15,12:15,56
369,CRS_50 March,2023-03-06,50,13:45,16:45,50
370,CRS_63 December,2021-12-23,50,11:15,12:15,63
371,CRS_89 October,2024-10-15,50,12:00,13:00,89
372,CRS_78 September,2023-09-15,50,15:30,16:30,78
373,CRS_11 May,2023-05-01,50,16:00,19:00,11
374,CRS_1 April,2023-04-20,50,12:30,15:30,1
375,CRS_7 March,2021-03-16,50,11:45,14:45,7
376,CRS_95 December,2023-12-20,50,16:00,19:00,95
377,CRS_54 November,2024-11-27,50,13:15,15:15,54
378,CRS_11 March,2023-03-22,50,13:00,16:00,11
379,CRS_25 September,2024-09-19,50,09:30,11:30,25
380,CRS_53 July,2023-07-15,50,14:45,16:45,53
381,CRS_89 July,2022-07-10,50,17:30,20:30,89
382,CRS_60 August,2024-08-26,50,10:15,12:15,60
383,CRS_43 February,2021-02-10,50,16:30,17:30,43
384,CRS_75 February,2022-02-15,50,12:00,14:00,75
385,CRS_41 February,2021-02-14,50,15:45,17:45,41
386,CRS_20 March,2023-03-03,50,09:15,12:15,20
387,CRS_94 July,2023-07-18,50,11:15,12:15,94
388,CRS_59 October,2024-10-07,50,13:45,14:45,59
389,CRS_44 March,2022-03-12,50,09:15,12:15,44
390,CRS_98 May,2022-05-20,50,16:00,18:00,98
391,CRS_66 July,2021-07-15,50,15:15,17:15,66
392,CRS_57 January,2023-01-02,50,16:45,19:45,57
393,CRS_48 May,2020-05-11,50,17:45,19:45,48
394,CRS_71 May,2023-05-03,50,10:45,12:45,71
395,CRS_53 August,2023-08-10,50,17:15,18:15,53
396,CRS_79 August,2021-08-01,50,16:30,18:30,79
397,CRS_91 August,2022-08-22,50,12:00,15:00,91
398,CRS_78 August,2024-08-15,50,10:30,11:30,78
399,CRS_65 May,2022-05-22,50,16:15,17:15,65
400,CRS_40 February,2021-02-28,50,15:45,17:45,40
401,CRS_92 December,2022-12-17,50,14:45,15:45,92
402,CRS_42 February,2023-02-13,50,10:15,11:15,42
403,CRS_25 September,2024-09-03,50,12:30,13:30,25
404,CRS_26 December,2024-12-04,50,13:30,16:30,26
405,CRS_23 August,2022-08-18,50,17:15,19:15,23
406,CRS_50 April,2021-04-27,50,11:00,12:00,50
407,CRS_95 April,2024-04-06,50,10:15,13:15,95
408,CRS_40 June,2021-06-17,50,14:00,16:00,40
409,CRS_82 December,2024-12-17,50,12:30,14:30,82
410,CRS_72 September,2024-09-27,50,14:00,15:00,72
411,CRS_72 August,2024-08-03,50,16:30,18:30,72
412,CRS_81 December,2023-12-12,50,09:00,12:00,81
413,CRS_84 July,2022-07-21,50,17:00,18:00,84
414,CRS_98 March,2021-03-25,50,10:00,13:00,98
415,CRS_6 July,2024-07-06,50,14:15,17:15,6
416,CRS_83 September,2024-09-17,50,09:30,12:30,83
417,CRS_51 January,2024-01-20,50,17:45,20:45,51
418,CRS_36 July,2021-07-28,50,13:15,14:15,36
419,CRS_93 March,2021-03-15,50,14:15,15:15,93
420,CRS_18 August,2024-08-16,50,11:30,12:30,18
421,CRS_68 October,2020-10-24,50,09:30,11:30,68
422,CRS_98 December,2024-12-13,50,14:45,16:45,98
423,CRS_100 December,2024-12-07,50,15:45,17:45,100
424,CRS_79 October,2022-10-05,50,10:15,11:15,79
425,CRS_46 December,2024-12-17,50,14:45,16:45,46
426,CRS_37 February,2023-02-23,50,14:45,17:45,37
427,CRS_31 February,2024-02-04,50,11:30,14:30,31
428,CRS_35 May,2022-05-19,50,15:00,18:00,35
429,CRS_10 October,2021-10-04,50,15:15,17:15,10
430,CRS_36 November,2024-11-13,50,14:00,16:00,36
431,CRS_92 August,2023-08-21,50,15:30,16:30,92
432,CRS_64 July,2022-07-26,50,17:00,19:00,64
433,CRS_73 July,2022-07-03,50,17:00,18:00,73
434,CRS_86 December,2023-12-20,50,16:45,19:45,86
435,CRS_15 February,2024-02-27,50,11:30,14:30,15
436,CRS_56 April,2024-04-16,50,17:00,19:00,56
437,CRS_51 March,2023-03-22,50,16:30,18:30,51
438,CRS_59 December,2020-12-16,50,11:15,13:15,59
439,CRS_72 August,2020-08-04,50,09:00,10:00,72
440,CRS_34 October,2022-10-21,50,12:30,15:30,34
441,CRS_75 November,2022-11-22,50,13:45,15:45,75
442,CRS_18 October,2024-10-16,50,17:15,18:15,18
443,CRS_76 March,2024-03-17,50,17:30,20:30,76
444,CRS_40 June,2022-06-13,50,10:15,11:15,40
445,CRS_38 September,2022-09-14,50,16:00,17:00,38
446,CRS_96 July,2024-07-04,50,10:45,11:45,96
447,CRS_72 November,2023-11-20,50,13:45,15:45,72
448,CRS_52 May,2023-05-17,50,09:45,10:45,52
449,CRS_92 January,2022-01-08,50,12:15,15:15,92
450,CRS_37 February,2023-02-08,50,13:45,15:45,37
451,CRS_19 March,2021-03-19,50,10:30,12:30,19
452,CRS_74 November,2022-11-28,50,13:15,15:15,74
453,CRS_53 June,2021-06-28,50,09:15,11:15,53
454,CRS_14 December,2022-12-02,50,11:00,13:00,14
455,CRS_98 September,2023-09-20,50,10:30,13:30,98
456,CRS_25 April,2024-04-26,50,15:15,18:15,25
457,CRS_82 March,2023-03-27,50,15:15,16:15,82
458,CRS_30 June,2023-06-16,50,13:45,16:45,30
459,CRS_71 April,2024-04-15,50,11:45,13:45,71
460,CRS_3 July,2024-07-26,50,12:45,15:45,3
461,CRS_100 August,2024-08-09,50,15:00,17:00,100
462,CRS_16 November,2021-11-19,50,10:00,12:00,16
463,CRS_71 August,2021-08-07,50,10:30,13:30,71
464,CRS_56 July,2022-07-05,50,14:45,17:45,56
465,CRS_39 October,2022-10-18,50,15:45,18:45,39
466,CRS_62 August,2023-08-07,50,16:30,18:30,62
467,CRS_100 April,2024-04-19,50,15:45,17:45,100
468,CRS_92 February,2023-02-16,50,09:45,11:45,92
469,CRS_36 October,2022-10-15,50,16:15,18:15,36
470,CRS_22 May,2023-05-12,50,14:15,16:15,22
471,CRS_30 February,2020-02-07,50,13:15,16:15,30
472,CRS_7 September,2023-09-08,50,10:30,13:30,7
473,CRS_7 July,2024-07-25,50,09:00,11:00,7
474,CRS_36 March,2024-03-03,50,14:15,16:15,36
475,CRS_80 October,2024-10-01,50,17:15,20:15,80
476,CRS_47 January,2021-01-17,50,12:15,15:15,47
477,CRS_85 February,2024-02-15,50,13:00,14:00,85
478,CRS_61 January,2022-01-28,50,13:45,16:45,61
479,CRS_13 March,2023-03-25,50,16:30,19:30,13
480,CRS_88 September,2024-09-25,50,12:45,15:45,88
481,CRS_91 February,2020-02-21,50,16:30,17:30,91
482,CRS_4 November,2023-11-04,50,17:45,19:45,4
483,CRS_34 December,2022-12-23,50,15:45,17:45,34
484,CRS_87 January,2021-01-25,50,14:15,17:15,87
485,CRS_31 August,2022-08-24,50,15:30,18:30,31
486,CRS_17 September,2024-09-27,50,16:30,17:30,17
487,CRS_30 August,2024-08-27,50,14:45,17:45,30
488,CRS_25 April,2024-04-02,50,12:00,15:00,25
489,CRS_27 October,2022-10-21,50,15:15,17:15,27
490,CRS_5 December,2022-12-20,50,15:00,18:00,5
491,CRS_86 April,2023-04-16,50,17:00,20:00,86
492,CRS_26 June,2024-06-20,50,16:45,17:45,26
493,CRS_45 November,2020-11-13,50,13:30,16:30,45
494,CRS_81 December,2024-12-16,50,17:45,19:45,81
495,CRS_55 July,2023-07-10,50,10:30,13:30,55
496,CRS_14 April,2024-04-07,50,16:45,19:45,14
497,CRS_29 October,2021-10-01,50,17:45,20:45,29
498,CRS_90 February,2024-02-05,50,17:45,18:45,90
499,CRS_36 March,2022-03-13,50,12:15,13:15,36
500,CRS_17 September,2020-09-13,50,17:30,18:30,17
501,CRS_26 October,2023-10-24,50,10:30,12:30,26
502,CRS_87 October,2024-10-17,50,10:15,12:15,87
503,CRS_99 January,2020-01-08,50,15:30,17:30,99
504,CRS_29 June,2023-06-25,50,16:45,17:45,29
505,CRS_78 February,2023-02-14,50,16:15,19:15,78
506,CRS_69 June,2024-06-11,50,12:45,14:45,69
507,CRS_33 October,2021-10-12,50,16:45,18:45,33
508,CRS_34 April,2021-04-21,50,13:00,14:00,34
509,CRS_18 April,2024-04-22,50,09:45,10:45,18
510,CRS_53 September,2024-09-09,50,12:45,14:45,53
511,CRS_87 March,2022-03-23,50,09:00,11:00,87
512,CRS_29 July,2024-07-20,50,15:15,16:15,29
513,CRS_22 December,2023-12-24,50,13:45,16:45,22
514,CRS_38 May,2024-05-04,50,13:30,14:30,38
515,CRS_69 November,2024-11-23,50,15:45,16:45,69
516,CRS_56 March,2021-03-10,50,15:45,16:45,56
517,CRS_99 April,2020-04-01,50,14:30,15:30,99
518,CRS_78 November,2024-11-17,50,09:30,10:30,78
519,CRS_9 February,2024-02-16,50,16:15,18:15,9
520,CRS_4 January,2023-01-19,50,10:15,11:15,4
521,CRS_6 January,2022-01-22,50,11:45,12:45,6
522,CRS_51 May,2022-05-17,50,15:45,18:45,51
523,CRS_51 November,2021-11-18,50,10:45,11:45,51
524,CRS_73 May,2024-05-20,50,17:30,20:30,73
525,CRS_17 July,2023-07-15,50,15:30,17:30,17
526,CRS_24 December,2023-12-23,50,11:15,14:15,24
527,CRS_80 December,2024-12-24,50,17:00,19:00,80
528,CRS_35 December,2022-12-09,50,09:45,10:45,35
529,CRS_94 May,2023-05-20,50,09:30,12:30,94
530,CRS_65 June,2024-06-25,50,16:30,17:30,65
531,CRS_11 January,2024-01-17,50,13:30,16:30,11
532,CRS_70 October,2023-10-06,50,12:15,15:15,70
533,CRS_10 July,2024-07-26,50,12:15,14:15,10
534,CRS_40 September,2024-09-22,50,17:15,19:15,40
535,CRS_4 March,2021-03-21,50,11:30,12:30,4
536,CRS_88 November,2020-11-19,50,11:15,14:15,88
537,CRS_69 August,2023-08-21,50,09:15,11:15,69
538,CRS_20 November,2021-11-24,50,17:00,18:00,20
539,CRS_43 October,2023-10-18,50,10:00,11:00,43
540,CRS_13 August,2024-08-02,50,09:45,11:45,13
541,CRS_70 July,2023-07-21,50,12:00,14:00,70
542,CRS_76 January,2021-01-11,50,16:30,19:30,76
543,CRS_1 October,2020-10-17,50,10:15,13:15,1
544,CRS_49 June,2024-06-09,50,09:00,11:00,49
545,CRS_12 June,2024-06-14,50,16:00,18:00,12
546,CRS_84 August,2024-08-10,50,13:00,15:00,84
547,CRS_57 August,2024-08-04,50,15:45,16:45,57
548,CRS_99 March,2020-03-11,50,09:45,11:45,99
549,CRS_13 December,2022-12-07,50,16:30,17:30,13
550,CRS_74 May,2024-05-06,50,16:15,17:15,74
551,CRS_14 June,2022-06-04,50,17:45,19:45,14
552,CRS_14 August,2023-08-19,50,16:30,17:30,14
553,CRS_65 December,2020-12-21,50,12:00,14:00,65
554,CRS_36 June,2024-06-21,50,12:15,13:15,36
555,CRS_9 September,2021-09-01,50,15:30,17:30,9
556,CRS_37 June,2023-06-13,50,15:30,16:30,37
557,CRS_5 June,2024-06-22,50,15:00,18:00,5
558,CRS_79 January,2024-01-04,50,10:45,11:45,79
559,CRS_38 November,2024-11-19,50,15:00,17:00,38
560,CRS_60 February,2022-02-01,50,09:30,12:30,60
561,CRS_19 July,2023-07-04,50,11:30,12:30,19
562,CRS_43 October,2024-10-25,50,09:15,10:15,43
563,CRS_98 June,2024-06-09,50,13:15,16:15,98
564,CRS_33 January,2023-01-26,50,16:00,19:00,33
565,CRS_51 December,2024-12-26,50,11:15,13:15,51
566,CRS_71 June,2022-06-23,50,09:00,10:00,71
567,CRS_75 November,2022-11-14,50,11:30,13:30,75
568,CRS_24 January,2020-01-21,50,12:00,13:00,24
569,CRS_67 November,2022-11-01,50,12:00,13:00,67
570,CRS_93 April,2020-04-06,50,09:00,11:00,93
571,CRS_43 April,2024-04-13,50,12:45,14:45,43
572,CRS_70 August,2023-08-08,50,12:15,14:15,70
573,CRS_33 January,2024-01-05,50,09:00,10:00,33
574,CRS_37 November,2023-11-14,50,10:15,12:15,37
575,CRS_13 May,2024-05-02,50,12:30,14:30,13
576,CRS_59 August,2024-08-25,50,13:45,16:45,59
577,CRS_92 June,2024-06-03,50,16:15,17:15,92
578,CRS_21 June,2020-06-27,50,15:00,16:00,21
579,CRS_35 September,2021-09-21,50,10:30,12:30,35
580,CRS_33 January,2022-01-25,50,16:45,19:45,33
581,CRS_16 June,2024-06-26,50,11:30,13:30,16
582,CRS_1 July,2021-07-23,50,14:45,16:45,1
583,CRS_41 April,2022-04-02,50,14:45,15:45,41
584,CRS_44 December,2023-12-07,50,15:00,16:00,44
585,CRS_19 September,2024-09-15,50,13:15,15:15,19
586,CRS_91 November,2022-11-17,50,13:15,16:15,91
587,CRS_19 March,2024-03-21,50,10:30,13:30,19
588,CRS_22 March,2024-03-09,50,16:30,19:30,22
589,CRS_27 May,2024-05-20,50,11:00,12:00,27
590,CRS_72 December,2020-12-25,50,16:15,17:15,72
591,CRS_35 April,2024-04-17,50,14:45,16:45,35
592,CRS_37 April,2023-04-25,50,13:45,14:45,37
593,CRS_61 September,2023-09-20,50,14:45,17:45,61
594,CRS_22 December,2023-12-10,50,09:30,12:30,22
595,CRS_37 May,2022-05-15,50,17:00,18:00,37
596,CRS_18 March,2024-03-08,50,10:30,12:30,18
597,CRS_93 November,2023-11-11,50,09:15,11:15,93
598,CRS_83 September,2023-09-22,50,12:00,13:00,83
599,CRS_73 March,2022-03-25,50,14:30,17:30,73
600,CRS_88 September,2024-09-01,50,17:15,20:15,88
601,CRS_87 October,2023-10-28,50,14:45,15:45,87
602,CRS_36 May,2020-05-19,50,17:15,18:15,36
603,CRS_82 December,2023-12-07,50,15:30,16:30,82
604,CRS_78 June,2024-06-23,50,14:30,17:30,78
605,CRS_25 September,2023-09-14,50,11:45,13:45,25
606,CRS_22 December,2021-12-25,50,09:45,11:45,22
607,CRS_41 September,2023-09-09,50,10:45,11:45,41
608,CRS_97 February,2021-02-17,50,14:45,17:45,97
609,CRS_45 September,2023-09-03,50,12:45,14:45,45
610,CRS_23 June,2021-06-21,50,13:00,14:00,23
611,CRS_40 January,2022-01-16,50,16:15,17:15,40
612,CRS_100 October,2023-10-04,50,14:15,16:15,100
613,CRS_35 March,2024-03-25,50,14:30,17:30,35
614,CRS_94 January,2022-01-10,50,10:30,13:30,94
615,CRS_53 July,2021-07-03,50,16:45,19:45,53
616,CRS_89 November,2023-11-03,50,15:45,16:45,89
617,CRS_89 January,2021-01-07,50,09:00,12:00,89
618,CRS_41 September,2023-09-06,50,13:00,14:00,41
619,CRS_56 May,2023-05-12,50,17:00,18:00,56
620,CRS_92 June,2024-06-01,50,13:45,16:45,92
621,CRS_97 September,2023-09-06,50,13:15,16:15,97
622,CRS_1 December,2021-12-20,50,14:15,17:15,1
623,CRS_34 March,2024-03-05,50,12:30,13:30,34
624,CRS_85 August,2022-08-20,50,15:15,16:15,85
625,CRS_79 February,2021-02-05,50,16:15,18:15,79
626,CRS_1 October,2023-10-21,50,15:45,17:45,1
627,CRS_10 February,2023-02-03,50,12:15,13:15,10
628,CRS_28 September,2024-09-11,50,17:45,19:45,28
629,CRS_68 August,2023-08-13,50,10:30,13:30,68
630,CRS_34 July,2024-07-10,50,14:15,17:15,34
631,CRS_44 August,2024-08-01,50,15:30,18:30,44
632,CRS_6 January,2021-01-15,50,17:15,19:15,6
633,CRS_69 May,2024-05-21,50,10:00,12:00,69
634,CRS_17 December,2022-12-11,50,12:00,15:00,17
635,CRS_72 October,2024-10-11,50,14:00,17:00,72
636,CRS_61 October,2024-10-16,50,17:30,20:30,61
637,CRS_20 August,2022-08-13,50,11:30,12:30,20
638,CRS_91 September,2024-09-03,50,09:45,10:45,91
639,CRS_18 October,2023-10-12,50,15:30,17:30,18
640,CRS_27 September,2023-09-01,50,09:15,11:15,27
641,CRS_17 October,2024-10-23,50,13:30,14:30,17
642,CRS_17 February,2024-02-09,50,13:30,15:30,17
643,CRS_48 April,2022-04-03,50,15:45,17:45,48
644,CRS_10 May,2022-05-14,50,14:00,15:00,10
645,CRS_41 July,2023-07-07,50,10:45,12:45,41
646,CRS_22 October,2021-10-01,50,09:15,12:15,22
647,CRS_64 July,2023-07-18,50,15:15,16:15,64
648,CRS_31 May,2020-05-09,50,11:15,13:15,31
649,CRS_39 March,2022-03-14,50,16:15,18:15,39
650,CRS_11 May,2024-05-03,50,15:45,16:45,11
651,CRS_37 September,2023-09-07,50,15:45,16:45,37
652,CRS_74 June,2023-06-11,50,12:00,13:00,74
653,CRS_90 January,2022-01-06,50,12:15,15:15,90
654,CRS_35 September,2020-09-25,50,17:45,20:45,35
655,CRS_7 February,2024-02-26,50,10:30,12:30,7
656,CRS_66 November,2023-11-07,50,11:45,12:45,66
657,CRS_78 April,2022-04-14,50,12:45,15:45,78
658,CRS_50 May,2024-05-09,50,11:00,14:00,50
659,CRS_50 July,2024-07-03,50,15:15,17:15,50
660,CRS_93 February,2024-02-17,50,09:30,11:30,93
661,CRS_65 June,2023-06-22,50,14:30,16:30,65
662,CRS_34 February,2024-02-27,50,16:00,17:00,34
663,CRS_91 March,2020-03-01,50,11:30,14:30,91
664,CRS_38 May,2021-05-23,50,13:30,16:30,38
665,CRS_96 November,2023-11-21,50,09:45,11:45,96
666,CRS_22 April,2024-04-14,50,13:15,15:15,22
667,CRS_22 January,2024-01-15,50,12:30,14:30,22
668,CRS_2 April,2022-04-25,50,15:15,16:15,2
669,CRS_59 July,2024-07-25,50,11:30,12:30,59
670,CRS_64 July,2024-07-21,50,10:00,12:00,64
671,CRS_15 December,2023-12-26,50,12:30,14:30,15
672,CRS_56 October,2021-10-08,50,14:45,17:45,56
673,CRS_38 March,2024-03-28,50,14:45,17:45,38
674,CRS_23 September,2020-09-06,50,15:15,18:15,23
675,CRS_87 May,2021-05-15,50,09:45,11:45,87
676,CRS_8 December,2024-12-04,50,16:00,17:00,8
677,CRS_16 July,2023-07-22,50,13:15,15:15,16
678,CRS_70 February,2021-02-08,50,09:45,11:45,70
679,CRS_38 March,2024-03-23,50,16:45,17:45,38
680,CRS_82 April,2024-04-27,50,14:30,15:30,82
681,CRS_26 August,2024-08-12,50,11:15,13:15,26
682,CRS_40 May,2022-05-10,50,16:00,18:00,40
683,CRS_49 April,2020-04-12,50,14:15,17:15,49
684,CRS_49 September,2023-09-06,50,09:30,12:30,49
685,CRS_80 February,2023-02-19,50,17:15,20:15,80
686,CRS_81 January,2023-01-17,50,10:15,13:15,81
687,CRS_89 April,2024-04-27,50,14:15,15:15,89
688,CRS_35 April,2023-04-24,50,12:30,15:30,35
689,CRS_9 November,2023-11-15,50,14:30,15:30,9
690,CRS_77 May,2024-05-06,50,15:15,18:15,77
691,CRS_7 October,2023-10-21,50,15:15,17:15,7
692,CRS_32 June,2023-06-28,50,12:00,13:00,32
693,CRS_76 January,2020-01-03,50,13:00,16:00,76
694,CRS_87 March,2023-03-09,50,17:00,18:00,87
695,CRS_93 December,2023-12-20,50,17:45,20:45,93
696,CRS_25 January,2022-01-18,50,10:30,13:30,25
697,CRS_78 October,2022-10-25,50,10:45,11:45,78
698,CRS_78 May,2020-05-01,50,09:00,11:00,78
699,CRS_55 November,2021-11-17,50,13:15,14:15,55
700,CRS_23 August,2024-08-12,50,16:15,19:15,23
701,CRS_4 July,2022-07-13,50,10:45,12:45,4
702,CRS_99 October,2022-10-25,50,17:00,18:00,99
703,CRS_88 December,2020-12-24,50,09:45,11:45,88
704,CRS_8 January,2023-01-14,50,11:00,12:00,8
705,CRS_84 May,2023-05-22,50,09:30,11:30,84
706,CRS_28 September,2020-09-16,50,15:45,17:45,28
707,CRS_10 June,2022-06-08,50,16:30,18:30,10
708,CRS_47 May,2022-05-24,50,11:30,12:30,47
709,CRS_53 September,2021-09-09,50,16:45,17:45,53
710,CRS_53 October,2024-10-26,50,10:00,11:00,53
711,CRS_5 January,2022-01-26,50,16:00,19:00,5
712,CRS_25 November,2023-11-09,50,17:15,19:15,25
713,CRS_63 September,2024-09-16,50,15:00,16:00,63
714,CRS_92 June,2023-06-21,50,10:30,12:30,92
715,CRS_54 March,2023-03-07,50,14:00,17:00,54
716,CRS_22 July,2022-07-23,50,17:15,20:15,22
717,CRS_98 September,2024-09-09,50,17:15,20:15,98
718,CRS_72 June,2023-06-10,50,09:30,11:30,72
719,CRS_33 March,2024-03-10,50,11:15,12:15,33
720,CRS_71 April,2022-04-11,50,14:30,16:30,71
721,CRS_23 June,2024-06-18,50,16:00,17:00,23
722,CRS_96 June,2022-06-27,50,13:45,15:45,96
723,CRS_55 October,2021-10-19,50,14:45,17:45,55
724,CRS_80 August,2022-08-10,50,14:30,17:30,80
725,CRS_50 November,2024-11-13,50,17:30,19:30,50
726,CRS_88 April,2023-04-11,50,12:15,13:15,88
727,CRS_97 June,2023-06-20,50,11:30,14:30,97
728,CRS_57 August,2024-08-08,50,11:45,13:45,57
729,CRS_40 September,2024-09-13,50,16:45,17:45,40
730,CRS_5 January,2023-01-14,50,10:15,12:15,5
731,CRS_26 December,2024-12-26,50,11:15,13:15,26
732,CRS_36 January,2023-01-28,50,13:00,15:00,36
733,CRS_42 June,2023-06-22,50,12:30,14:30,42
734,CRS_43 December,2023-12-18,50,12:15,14:15,43
735,CRS_64 September,2023-09-14,50,15:30,16:30,64
736,CRS_40 April,2023-04-07,50,13:45,14:45,40
737,CRS_48 August,2024-08-12,50,11:45,14:45,48
738,CRS_92 April,2022-04-18,50,09:45,12:45,92
739,CRS_31 June,2023-06-07,50,11:15,13:15,31
740,CRS_28 June,2021-06-01,50,15:15,17:15,28
741,CRS_3 March,2022-03-27,50,16:30,18:30,3
742,CRS_55 August,2023-08-27,50,16:30,18:30,55
743,CRS_98 March,2024-03-13,50,12:00,13:00,98
744,CRS_86 August,2023-08-28,50,13:30,16:30,86
745,CRS_59 July,2021-07-09,50,17:15,20:15,59
746,CRS_1 July,2023-07-21,50,17:45,19:45,1
747,CRS_22 November,2022-11-15,50,15:15,18:15,22
748,CRS_93 July,2021-07-27,50,16:45,18:45,93
749,CRS_26 November,2022-11-18,50,13:15,14:15,26
750,CRS_70 December,2024-12-26,50,11:30,14:30,70
751,CRS_3 July,2023-07-16,50,15:30,18:30,3
752,CRS_6 July,2021-07-08,50,16:45,18:45,6
753,CRS_22 September,2020-09-17,50,10:00,12:00,22
754,CRS_85 February,2024-02-05,50,11:45,12:45,85
755,CRS_20 June,2023-06-04,50,11:00,12:00,20
756,CRS_53 July,2021-07-07,50,12:00,13:00,53
757,CRS_66 January,2024-01-26,50,16:30,19:30,66
758,CRS_60 June,2024-06-23,50,11:15,13:15,60
759,CRS_8 February,2022-02-25,50,16:45,19:45,8
760,CRS_64 March,2021-03-16,50,12:30,15:30,64
761,CRS_16 September,2022-09-21,50,12:15,14:15,16
762,CRS_97 December,2024-12-14,50,17:30,19:30,97
763,CRS_54 October,2024-10-28,50,13:00,16:00,54
764,CRS_1 July,2024-07-21,50,13:15,16:15,1
765,CRS_54 July,2024-07-09,50,14:15,16:15,54
766,CRS_48 March,2023-03-06,50,09:30,11:30,48
767,CRS_87 February,2021-02-08,50,12:45,14:45,87
768,CRS_2 January,2023-01-04,50,11:00,14:00,2
769,CRS_42 January,2021-01-01,50,17:00,19:00,42
770,CRS_70 February,2024-02-28,50,16:00,19:00,70
771,CRS_32 September,2023-09-17,50,16:30,19:30,32
772,CRS_21 April,2024-04-12,50,09:00,11:00,21
773,CRS_54 September,2023-09-04,50,16:30,17:30,54
774,CRS_76 June,2021-06-02,50,11:30,12:30,76
775,CRS_75 July,2022-07-11,50,11:30,12:30,75
776,CRS_81 May,2024-05-08,50,14:00,16:00,81
777,CRS_57 October,2024-10-28,50,14:30,16:30,57
778,CRS_48 August,2023-08-06,50,14:00,15:00,48
779,CRS_67 June,2024-06-22,50,16:30,19:30,67
780,CRS_81 March,2024-03-27,50,16:15,17:15,81
781,CRS_77 July,2024-07-17,50,16:00,19:00,77
782,CRS_71 December,2022-12-16,50,15:15,18:15,71
783,CRS_36 April,2022-04-23,50,17:45,18:45,36
784,CRS_61 August,2024-08-04,50,15:30,18:30,61
785,CRS_18 December,2022-12-16,50,14:45,16:45,18
786,CRS_8 August,2024-08-12,50,17:15,18:15,8
787,CRS_42 June,2023-06-08,50,11:15,12:15,42
788,CRS_31 February,2023-02-16,50,13:15,16:15,31
789,CRS_15 October,2023-10-17,50,11:15,12:15,15
790,CRS_80 July,2023-07-03,50,17:00,18:00,80
791,CRS_33 October,2021-10-23,50,15:15,17:15,33
792,CRS_60 November,2022-11-13,50,15:15,17:15,60
793,CRS_13 January,2024-01-12,50,14:15,17:15,13
794,CRS_40 October,2023-10-28,50,16:15,17:15,40
795,CRS_16 November,2024-11-10,50,14:45,17:45,16
796,CRS_13 October,2023-10-16,50,11:00,13:00,13
797,CRS_70 July,2023-07-26,50,09:45,10:45,70
798,CRS_66 August,2023-08-08,50,09:45,12:45,66
799,CRS_52 December,2020-12-01,50,16:45,19:45,52
800,CRS_38 December,2024-12-03,50,15:45,18:45,38
801,CRS_75 October,2023-10-18,50,14:00,15:00,75
802,CRS_29 June,2022-06-24,50,17:45,18:45,29
803,CRS_68 January,2023-01-23,50,09:45,10:45,68
804,CRS_15 February,2021-02-17,50,10:45,11:45,15
805,CRS_34 December,2024-12-12,50,15:00,18:00,34
806,CRS_89 May,2023-05-22,50,09:45,10:45,89
807,CRS_16 March,2020-03-26,50,17:15,20:15,16
808,CRS_27 June,2021-06-18,50,16:00,19:00,27
809,CRS_38 August,2023-08-10,50,16:45,19:45,38
810,CRS_19 August,2024-08-09,50,12:30,15:30,19
811,CRS_31 January,2023-01-14,50,15:45,16:45,31
812,CRS_66 November,2023-11-23,50,09:15,11:15,66
813,CRS_17 July,2023-07-22,50,09:15,10:15,17
814,CRS_64 January,2022-01-20,50,09:45,10:45,64
815,CRS_26 October,2022-10-07,50,09:45,11:45,26
816,CRS_99 March,2021-03-22,50,17:15,20:15,99
817,CRS_30 February,2024-02-25,50,13:15,16:15,30
818,CRS_52 March,2023-03-14,50,10:30,12:30,52
819,CRS_45 February,2024-02-02,50,11:00,14:00,45
820,CRS_93 April,2024-04-02,50,12:45,15:45,93
821,CRS_51 February,2022-02-02,50,16:45,19:45,51
822,CRS_70 August,2024-08-11,50,17:30,20:30,70
823,CRS_75 December,2023-12-24,50,13:15,16:15,75
824,CRS_16 June,2024-06-03,50,12:00,13:00,16
825,CRS_66 March,2022-03-25,50,09:30,12:30,66
826,CRS_33 October,2020-10-09,50,17:15,18:15,33
827,CRS_57 April,2022-04-04,50,09:30,12:30,57
828,CRS_63 March,2022-03-21,50,12:45,15:45,63
829,CRS_90 June,2024-06-13,50,14:15,16:15,90
830,CRS_6 April,2024-04-26,50,10:00,13:00,6
831,CRS_73 September,2024-09-13,50,17:45,19:45,73
832,CRS_2 January,2021-01-15,50,13:30,16:30,2
833,CRS_72 November,2022-11-09,50,09:15,10:15,72
834,CRS_98 June,2024-06-21,50,15:30,18:30,98
835,CRS_93 April,2024-04-26,50,16:00,18:00,93
836,CRS_32 December,2024-12-21,50,11:00,12:00,32
837,CRS_39 October,2024-10-23,50,11:30,14:30,39
838,CRS_45 March,2021-03-17,50,10:45,12:45,45
839,CRS_30 August,2022-08-12,50,12:15,13:15,30
840,CRS_5 October,2024-10-01,50,15:15,18:15,5
841,CRS_7 February,2023-02-16,50,11:15,14:15,7
842,CRS_19 October,2022-10-08,50,16:15,17:15,19
843,CRS_72 April,2023-04-16,50,16:15,17:15,72
844,CRS_88 December,2022-12-07,50,10:15,13:15,88
845,CRS_88 September,2024-09-08,50,10:45,12:45,88
846,CRS_36 April,2023-04-04,50,10:30,13:30,36
847,CRS_38 December,2021-12-03,50,16:45,17:45,38
848,CRS_50 June,2024-06-13,50,17:30,20:30,50
849,CRS_89 December,2023-12-16,50,15:15,16:15,89
850,CRS_74 September,2022-09-08,50,11:30,14:30,74
851,CRS_54 June,2024-06-22,50,13:00,14:00,54
852,CRS_55 October,2023-10-21,50,14:00,15:00,55
853,CRS_75 December,2022-12-12,50,16:45,19:45,75
854,CRS_66 October,2023-10-01,50,17:00,18:00,66
855,CRS_54 December,2024-12-23,50,13:30,16:30,54
856,CRS_37 July,2024-07-10,50,10:15,11:15,37
857,CRS_61 February,2021-02-17,50,15:30,16:30,61
858,CRS_39 March,2024-03-25,50,15:30,17:30,39
859,CRS_64 September,2024-09-16,50,15:30,17:30,64
860,CRS_20 January,2023-01-22,50,12:45,14:45,20
861,CRS_24 July,2022-07-23,50,16:00,18:00,24
862,CRS_94 June,2021-06-28,50,16:15,18:15,94
863,CRS_97 June,2023-06-09,50,12:15,14:15,97
864,CRS_94 January,2024-01-21,50,16:30,19:30,94
865,CRS_45 May,2024-05-15,50,12:30,15:30,45
866,CRS_45 April,2024-04-13,50,09:45,12:45,45
867,CRS_17 December,2024-12-26,50,14:30,15:30,17
868,CRS_68 July,2022-07-16,50,11:15,12:15,68
869,CRS_34 September,2022-09-14,50,10:45,11:45,34
870,CRS_14 March,2020-03-26,50,11:00,13:00,14
871,CRS_32 October,2024-10-10,50,11:30,13:30,32
872,CRS_3 July,2024-07-04,50,11:00,13:00,3
873,CRS_90 July,2024-07-15,50,14:15,17:15,90
874,CRS_78 June,2023-06-24,50,14:00,15:00,78
875,CRS_74 March,2022-03-06,50,13:00,14:00,74
876,CRS_66 April,2024-04-20,50,14:00,15:00,66
877,CRS_86 February,2021-02-02,50,17:45,18:45,86
878,CRS_61 October,2023-10-22,50,14:45,17:45,61
879,CRS_67 September,2024-09-21,50,13:15,14:15,67
880,CRS_70 February,2022-02-01,50,12:00,15:00,70
881,CRS_80 June,2021-06-10,50,13:00,15:00,80
882,CRS_71 October,2024-10-04,50,12:45,14:45,71
883,CRS_5 September,2022-09-10,50,13:30,16:30,5
884,CRS_56 July,2021-07-01,50,17:15,18:15,56
885,CRS_92 February,2023-02-15,50,14:45,15:45,92
886,CRS_6 November,2024-11-19,50,09:30,11:30,6
887,CRS_34 March,2024-03-28,50,11:45,14:45,34
888,CRS_32 February,2021-02-25,50,14:30,16:30,32
889,CRS_76 January,2023-01-09,50,10:30,13:30,76
890,CRS_71 December,2021-12-09,50,15:00,18:00,71
891,CRS_25 April,2023-04-24,50,09:15,11:15,25
892,CRS_88 October,2024-10-20,50,13:15,14:15,88
893,CRS_67 February,2024-02-04,50,11:15,13:15,67
894,CRS_66 September,2024-09-11,50,15:15,17:15,66
895,CRS_15 April,2021-04-18,50,10:00,11:00,15
896,CRS_20 April,2021-04-20,50,11:15,14:15,20
897,CRS_55 April,2022-04-22,50,13:15,15:15,55
898,CRS_68 November,2022-11-26,50,17:45,19:45,68
899,CRS_70 February,2022-02-12,50,17:15,18:15,70
900,CRS_72 February,2021-02-24,50,12:30,13:30,72
901,CRS_86 February,2023-02-21,50,17:30,18:30,86
902,CRS_41 August,2023-08-28,50,17:00,19:00,41
903,CRS_54 December,2024-12-08,50,12:15,13:15,54
904,CRS_34 June,2024-06-09,50,14:00,15:00,34
905,CRS_40 August,2024-08-05,50,10:45,13:45,40
906,CRS_93 July,2020-07-18,50,10:00,12:00,93
907,CRS_73 August,2024-08-27,50,13:00,14:00,73
908,CRS_17 July,2023-07-09,50,09:45,12:45,17
909,CRS_15 August,2024-08-19,50,12:15,15:15,15
910,CRS_74 January,2023-01-12,50,16:45,19:45,74
911,CRS_3 March,2023-03-25,50,13:45,14:45,3
912,CRS_59 June,2023-06-25,50,16:45,17:45,59
913,CRS_77 September,2024-09-19,50,09:00,12:00,77
914,CRS_34 March,2024-03-09,50,12:00,13:00,34
915,CRS_5 November,2024-11-27,50,14:30,15:30,5
916,CRS_32 February,2022-02-08,50,15:30,16:30,32
917,CRS_24 February,2024-02-15,50,14:15,16:15,24
918,CRS_71 August,2020-08-17,50,12:45,15:45,71
919,CRS_20 March,2024-03-26,50,14:00,17:00,20
920,CRS_50 January,2024-01-08,50,14:30,15:30,50
921,CRS_23 August,2023-08-27,50,09:15,12:15,23
922,CRS_75 September,2023-09-21,50,17:15,18:15,75
923,CRS_8 March,2022-03-27,50,10:30,12:30,8
924,CRS_22 May,2024-05-24,50,13:00,15:00,22
925,CRS_68 June,2024-06-11,50,09:00,11:00,68
926,CRS_9 August,2023-08-04,50,13:30,16:30,9
927,CRS_9 July,2022-07-04,50,16:00,19:00,9
928,CRS_18 September,2022-09-22,50,15:15,18:15,18
929,CRS_95 May,2024-05-15,50,12:45,15:45,95
930,CRS_99 July,2022-07-11,50,17:30,18:30,99
931,CRS_7 June,2024-06-03,50,14:45,16:45,7
932,CRS_73 December,2023-12-10,50,16:30,19:30,73
933,CRS_63 December,2024-12-20,50,13:45,16:45,63
934,CRS_87 September,2021-09-07,50,16:00,18:00,87
935,CRS_55 February,2020-02-24,50,17:00,20:00,55
936,CRS_45 February,2022-02-08,50,15:00,16:00,45
937,CRS_74 September,2024-09-04,50,17:15,18:15,74
938,CRS_96 September,2024-09-04,50,15:45,17:45,96
939,CRS_8 July,2022-07-22,50,11:00,12:00,8
940,CRS_93 August,2022-08-13,50,13:30,15:30,93
941,CRS_16 April,2022-04-17,50,13:15,16:15,16
942,CRS_4 December,2024-12-17,50,09:15,12:15,4
943,CRS_96 December,2024-12-17,50,13:00,14:00,96
944,CRS_5 January,2021-01-04,50,11:15,12:15,5
945,CRS_72 July,2022-07-25,50,12:45,13:45,72
946,CRS_29 October,2024-10-13,50,13:45,16:45,29
947,CRS_27 January,2020-01-07,50,16:15,18:15,27
948,CRS_87 May,2023-05-15,50,10:00,11:00,87
949,CRS_75 February,2024-02-15,50,16:30,18:30,75
950,CRS_78 October,2024-10-23,50,14:00,16:00,78
951,CRS_10 January,2021-01-14,50,09:00,11:00,10
952,CRS_64 January,2024-01-14,50,10:45,13:45,64
953,CRS_80 November,2024-11-12,50,14:15,17:15,80
954,CRS_96 August,2022-08-21,50,15:15,18:15,96
955,CRS_11 June,2024-06-21,50,13:45,15:45,11
956,CRS_78 January,2023-01-27,50,09:15,11:15,78
957,CRS_32 October,2024-10-08,50,11:00,14:00,32
958,CRS_83 September,2022-09-15,50,12:30,15:30,83
959,CRS_5 March,2024-03-12,50,15:15,16:15,5
960,CRS_38 September,2023-09-12,50,11:15,13:15,38
961,CRS_16 April,2024-04-24,50,13:30,16:30,16
962,CRS_56 July,2022-07-03,50,10:15,13:15,56
963,CRS_55 March,2024-03-01,50,12:15,13:15,55
964,CRS_74 September,2023-09-17,50,16:45,17:45,74
965,CRS_59 September,2023-09-18,50,11:00,13:00,59
966,CRS_94 December,2022-12-11,50,10:00,11:00,94
967,CRS_89 January,2021-01-03,50,15:45,18:45,89
968,CRS_68 June,2021-06-14,50,13:30,16:30,68
969,CRS_69 June,2020-06-26,50,09:00,12:00,69
970,CRS_55 August,2021-08-23,50,16:15,17:15,55
971,CRS_81 June,2024-06-13,50,10:30,12:30,81
972,CRS_64 September,2024-09-21,50,12:45,15:45,64
973,CRS_97 May,2020-05-24,50,09:15,11:15,97
974,CRS_9 August,2023-08-14,50,10:15,11:15,9
975,CRS_2 April,2023-04-05,50,09:00,10:00,2
976,CRS_81 December,2021-12-14,50,14:15,15:15,81
977,CRS_10 August,2024-08-02,50,09:15,10:15,10
978,CRS_5 June,2022-06-03,50,12:15,15:15,5
979,CRS_32 January,2020-01-12,50,14:00,17:00,32
980,CRS_47 January,2023-01-11,50,14:00,16:00,47
981,CRS_80 April,2021-04-02,50,12:15,13:15,80
982,CRS_41 May,2023-05-21,50,17:45,20:45,41
983,CRS_84 February,2024-02-17,50,12:45,13:45,84
984,CRS_55 June,2023-06-11,50,17:15,20:15,55
985,CRS_1 December,2023-12-27,50,14:15,16:15,1
986,CRS_98 July,2024-07-16,50,17:15,18:15,98
987,CRS_75 October,2023-10-08,50,16:30,18:30,75
988,CRS_6 February,2024-02-12,50,14:15,17:15,6
989,CRS_16 January,2023-01-24,50,15:00,16:00,16
990,CRS_56 April,2023-04-01,50,13:45,16:45,56
991,CRS_73 April,2022-04-20,50,17:30,20:30,73
992,CRS_65 July,2022-07-06,50,14:00,15:00,65
993,CRS_71 April,2024-04-05,50,09:00,10:00,71
994,CRS_56 September,2022-09-08,50,17:30,19:30,56
995,CRS_28 March,2021-03-01,50,16:00,19:00,28
996,CRS_9 October,2024-10-16,50,10:00,12:00,9
997,CRS_76 March,2022-03-21,50,12:15,15:15,76
998,CRS_27 January,2021-01-11,50,16:45,17:45,27
999,CRS_74 January,2024-01-09,50,16:15,19:15,74
1000,CRS_53 May,2024-05-17,50,12:30,15:30,53
1001,CRS_65 August,2020-08-07,50,15:15,18:15,65
1002,CRS_29 January,2023-01-06,50,10:45,12:45,29
1003,CRS_70 January,2022-01-22,50,11:00,14:00,70
1004,CRS_61 March,2024-03-19,50,12:15,14:15,61
1005,CRS_95 November,2023-11-17,50,10:15,12:15,95
1006,CRS_6 July,2023-07-27,50,12:00,14:00,6
1007,CRS_7 June,2024-06-12,50,14:30,15:30,7
1008,CRS_65 July,2022-07-21,50,17:45,20:45,65
1009,CRS_15 February,2021-02-23,50,11:30,12:30,15
1010,CRS_18 March,2022-03-09,50,16:45,19:45,18
1011,CRS_16 November,2022-11-28,50,17:15,18:15,16
1012,CRS_74 May,2022-05-27,50,15:45,18:45,74
1013,CRS_83 September,2021-09-14,50,13:00,14:00,83
1014,CRS_33 July,2021-07-03,50,12:30,13:30,33
1015,CRS_34 May,2023-05-15,50,11:45,14:45,34
1016,CRS_64 December,2024-12-14,50,09:15,11:15,64
1017,CRS_88 August,2021-08-25,50,12:45,14:45,88
1018,CRS_20 October,2024-10-14,50,15:30,18:30,20
1019,CRS_42 February,2022-02-19,50,14:45,17:45,42
1020,CRS_51 February,2023-02-02,50,17:15,18:15,51
1021,CRS_9 January,2021-01-14,50,13:00,16:00,9
1022,CRS_40 October,2023-10-14,50,17:00,20:00,40
1023,CRS_47 March,2024-03-07,50,12:30,14:30,47
1024,CRS_24 September,2021-09-16,50,09:30,10:30,24
1025,CRS_42 January,2023-01-21,50,16:45,19:45,42
1026,CRS_73 June,2021-06-26,50,17:15,18:15,73
1027,CRS_75 May,2024-05-16,50,12:00,14:00,75
1028,CRS_54 February,2024-02-19,50,12:30,13:30,54
1029,CRS_93 August,2021-08-19,50,09:45,10:45,93
1030,CRS_94 February,2024-02-06,50,10:15,12:15,94
1031,CRS_74 October,2024-10-05,50,12:30,15:30,74
1032,CRS_20 March,2020-03-04,50,15:45,18:45,20
1033,CRS_47 December,2022-12-15,50,10:45,11:45,47
1034,CRS_47 October,2022-10-15,50,12:30,15:30,47
1035,CRS_57 October,2024-10-04,50,10:45,13:45,57
1036,CRS_67 December,2023-12-09,50,13:15,16:15,67
1037,CRS_60 August,2024-08-05,50,09:45,12:45,60
1038,CRS_72 September,2023-09-08,50,11:00,12:00,72
1039,CRS_25 November,2021-11-28,50,10:00,12:00,25
1040,CRS_94 February,2021-02-04,50,11:15,12:15,94
1041,CRS_68 December,2020-12-10,50,15:30,18:30,68
1042,CRS_18 November,2021-11-25,50,17:30,18:30,18
1043,CRS_57 January,2024-01-10,50,10:15,13:15,57
1044,CRS_15 October,2023-10-24,50,12:15,15:15,15
1045,CRS_11 October,2024-10-01,50,09:30,11:30,11
1046,CRS_90 November,2023-11-06,50,10:30,13:30,90
1047,CRS_56 January,2021-01-26,50,10:00,13:00,56
1048,CRS_97 February,2024-02-24,50,13:45,16:45,97
1049,CRS_77 February,2022-02-26,50,16:15,18:15,77
1050,CRS_12 February,2023-02-18,50,16:30,18:30,12
1051,CRS_95 November,2021-11-19,50,09:30,12:30,95
1052,CRS_46 February,2023-02-05,50,13:15,15:15,46
1053,CRS_89 December,2024-12-14,50,17:45,20:45,89
1054,CRS_76 August,2024-08-02,50,12:45,14:45,76
1055,CRS_43 January,2024-01-01,50,10:15,12:15,43
1056,CRS_83 December,2021-12-02,50,17:15,19:15,83
1057,CRS_14 January,2023-01-01,50,17:15,20:15,14
1058,CRS_21 April,2022-04-05,50,17:15,20:15,21
1059,CRS_80 November,2023-11-17,50,16:45,19:45,80
1060,CRS_2 March,2023-03-24,50,17:15,18:15,2
1061,CRS_31 June,2022-06-14,50,12:30,14:30,31
1062,CRS_25 April,2021-04-05,50,11:45,13:45,25
1063,CRS_90 December,2021-12-01,50,11:30,14:30,90
1064,CRS_30 November,2024-11-17,50,10:15,12:15,30
1065,CRS_44 December,2023-12-10,50,13:30,16:30,44
1066,CRS_55 September,2023-09-06,50,12:00,13:00,55
1067,CRS_66 August,2020-08-13,50,11:30,12:30,66
1068,CRS_17 September,2023-09-19,50,09:00,10:00,17
1069,CRS_23 July,2024-07-05,50,14:45,15:45,23
1070,CRS_88 October,2021-10-17,50,17:30,20:30,88
1071,CRS_1 September,2022-09-10,50,12:45,15:45,1
1072,CRS_99 March,2023-03-07,50,14:00,15:00,99
1073,CRS_78 July,2024-07-27,50,09:00,10:00,78
1074,CRS_64 February,2023-02-18,50,11:15,12:15,64
1075,CRS_82 March,2022-03-13,50,10:15,11:15,82
1076,CRS_59 May,2021-05-08,50,14:00,15:00,59
1077,CRS_24 June,2024-06-28,50,16:30,17:30,24
1078,CRS_63 May,2021-05-17,50,09:45,11:45,63
1079,CRS_59 October,2022-10-06,50,17:00,20:00,59
1080,CRS_48 July,2024-07-04,50,17:45,19:45,48
1081,CRS_11 September,2023-09-21,50,15:30,17:30,11
1082,CRS_62 May,2024-05-09,50,15:30,18:30,62
1083,CRS_78 June,2024-06-03,50,13:45,15:45,78
1084,CRS_20 April,2023-04-24,50,12:15,13:15,20
1085,CRS_40 May,2023-05-05,50,10:30,12:30,40
1086,CRS_57 January,2023-01-09,50,16:00,17:00,57
1087,CRS_19 March,2023-03-10,50,16:15,19:15,19
1088,CRS_56 August,2024-08-01,50,15:00,16:00,56
1089,CRS_22 January,2022-01-24,50,13:15,16:15,22
1090,CRS_52 August,2022-08-13,50,15:30,17:30,52
1091,CRS_59 September,2023-09-18,50,16:15,17:15,59
1092,CRS_90 January,2024-01-20,50,12:15,13:15,90
1093,CRS_58 November,2021-11-19,50,16:00,19:00,58
1094,CRS_2 October,2020-10-13,50,14:15,15:15,2
1095,CRS_94 August,2023-08-26,50,14:45,17:45,94
1096,CRS_71 October,2024-10-24,50,11:45,12:45,71
1097,CRS_20 December,2024-12-08,50,17:30,19:30,20
1098,CRS_67 May,2021-05-05,50,15:45,18:45,67
1099,CRS_41 December,2023-12-19,50,13:30,16:30,41
1100,CRS_77 June,2021-06-13,50,15:00,18:00,77
1101,CRS_19 May,2023-05-16,50,12:45,14:45,19
1102,CRS_78 August,2024-08-07,50,15:00,18:00,78
1103,CRS_65 June,2024-06-09,50,11:00,13:00,65
1104,CRS_78 August,2022-08-11,50,10:45,11:45,78
1105,CRS_27 December,2023-12-20,50,09:45,11:45,27
1106,CRS_96 December,2024-12-25,50,11:45,14:45,96
1107,CRS_49 March,2024-03-16,50,16:45,17:45,49
1108,CRS_34 April,2023-04-26,50,15:30,17:30,34
1109,CRS_19 September,2021-09-07,50,12:00,14:00,19
1110,CRS_99 March,2024-03-07,50,12:45,14:45,99
1111,CRS_9 September,2024-09-05,50,10:00,12:00,9
1112,CRS_26 June,2024-06-17,50,13:30,15:30,26
1113,CRS_97 April,2021-04-09,50,16:30,17:30,97
1114,CRS_2 May,2022-05-18,50,13:15,16:15,2
1115,CRS_29 March,2020-03-01,50,13:45,14:45,29
1116,CRS_94 February,2023-02-24,50,16:45,18:45,94
1117,CRS_83 September,2023-09-21,50,09:45,10:45,83
1118,CRS_66 January,2022-01-28,50,12:30,13:30,66
1119,CRS_85 June,2024-06-23,50,09:30,12:30,85
1120,CRS_17 July,2022-07-11,50,17:15,19:15,17
1121,CRS_46 July,2024-07-21,50,14:30,15:30,46
1122,CRS_88 September,2024-09-08,50,11:15,14:15,88
1123,CRS_22 January,2022-01-21,50,17:00,19:00,22
1124,CRS_99 December,2024-12-07,50,13:45,14:45,99
1125,CRS_51 September,2021-09-05,50,17:00,18:00,51
1126,CRS_36 December,2024-12-09,50,15:30,17:30,36
1127,CRS_71 February,2022-02-03,50,09:15,10:15,71
1128,CRS_18 February,2024-02-06,50,12:30,13:30,18
1129,CRS_52 June,2024-06-16,50,16:00,19:00,52
1130,CRS_70 December,2021-12-18,50,10:45,12:45,70
1131,CRS_19 September,2024-09-14,50,09:00,12:00,19
1132,CRS_25 June,2024-06-05,50,17:30,18:30,25
1133,CRS_15 October,2023-10-08,50,13:15,15:15,15
1134,CRS_30 April,2023-04-16,50,17:15,19:15,30
1135,CRS_53 August,2023-08-07,50,17:00,19:00,53
1136,CRS_98 September,2024-09-01,50,15:45,18:45,98
1137,CRS_67 November,2024-11-05,50,09:45,10:45,67
1138,CRS_3 February,2022-02-10,50,13:45,14:45,3
1139,CRS_70 May,2024-05-03,50,14:45,16:45,70
1140,CRS_33 May,2024-05-12,50,10:00,13:00,33
1141,CRS_3 October,2022-10-14,50,10:15,11:15,3
1142,CRS_33 September,2023-09-13,50,11:45,12:45,33
1143,CRS_64 October,2022-10-26,50,12:45,15:45,64
1144,CRS_50 February,2022-02-03,50,12:00,15:00,50
1145,CRS_69 February,2024-02-28,50,11:00,14:00,69
1146,CRS_14 February,2024-02-21,50,13:45,15:45,14
1147,CRS_89 December,2024-12-28,50,11:30,12:30,89
1148,CRS_26 November,2022-11-18,50,17:00,18:00,26
1149,CRS_15 January,2023-01-24,50,14:30,17:30,15
1150,CRS_78 June,2021-06-24,50,09:30,12:30,78
1151,CRS_90 February,2023-02-14,50,10:00,13:00,90
1152,CRS_40 March,2024-03-11,50,15:00,18:00,40
1153,CRS_53 September,2024-09-19,50,11:00,14:00,53
1154,CRS_38 December,2022-12-14,50,12:45,13:45,38
1155,CRS_84 September,2020-09-21,50,10:30,12:30,84
1156,CRS_89 November,2022-11-14,50,15:45,16:45,89
1157,CRS_41 January,2020-01-10,50,14:15,16:15,41
1158,CRS_55 September,2023-09-02,50,13:45,15:45,55
1159,CRS_28 November,2021-11-06,50,10:15,13:15,28
1160,CRS_46 May,2024-05-17,50,13:45,15:45,46
1161,CRS_65 January,2021-01-15,50,09:00,10:00,65
1162,CRS_57 July,2024-07-28,50,10:15,11:15,57
1163,CRS_5 July,2021-07-22,50,13:00,16:00,5
1164,CRS_56 June,2021-06-02,50,11:00,14:00,56
1165,CRS_87 February,2024-02-03,50,14:00,16:00,87
1166,CRS_31 January,2024-01-10,50,16:00,17:00,31
1167,CRS_3 April,2023-04-08,50,17:15,19:15,3
1168,CRS_81 July,2024-07-07,50,16:30,18:30,81
1169,CRS_21 May,2021-05-17,50,10:00,12:00,21
1170,CRS_44 January,2021-01-20,50,09:45,12:45,44
1171,CRS_26 April,2023-04-20,50,10:30,11:30,26
1172,CRS_36 September,2024-09-02,50,12:00,14:00,36
1173,CRS_72 August,2021-08-19,50,13:00,15:00,72
1174,CRS_100 January,2024-01-15,50,15:15,18:15,100
1175,CRS_30 December,2023-12-13,50,11:00,13:00,30
1176,CRS_13 August,2022-08-02,50,12:45,13:45,13
1177,CRS_98 December,2021-12-16,50,15:00,18:00,98
1178,CRS_55 July,2021-07-03,50,16:30,17:30,55
1179,CRS_68 June,2024-06-06,50,10:30,13:30,68
1180,CRS_45 June,2021-06-14,50,12:15,13:15,45
1181,CRS_9 April,2022-04-17,50,11:15,13:15,9
1182,CRS_96 January,2024-01-24,50,12:45,15:45,96
1183,CRS_41 January,2022-01-05,50,16:15,17:15,41
1184,CRS_74 July,2023-07-18,50,12:30,13:30,74
1185,CRS_92 December,2021-12-12,50,10:15,12:15,92
1186,CRS_64 September,2021-09-21,50,09:15,10:15,64
1187,CRS_64 May,2024-05-10,50,17:15,19:15,64
1188,CRS_45 August,2022-08-01,50,09:15,11:15,45
1189,CRS_42 January,2024-01-15,50,13:15,16:15,42
1190,CRS_76 December,2023-12-07,50,12:45,13:45,76
1191,CRS_59 November,2024-11-26,50,11:00,12:00,59
1192,CRS_63 February,2024-02-08,50,17:00,19:00,63
1193,CRS_41 January,2023-01-04,50,10:30,11:30,41
1194,CRS_18 January,2021-01-23,50,09:45,10:45,18
1195,CRS_51 December,2023-12-25,50,10:00,11:00,51
1196,CRS_15 November,2024-11-17,50,11:00,12:00,15
1197,CRS_63 February,2024-02-11,50,13:30,15:30,63
1198,CRS_73 April,2024-04-27,50,13:15,15:15,73
1199,CRS_92 September,2024-09-12,50,09:30,11:30,92
1200,CRS_9 March,2023-03-03,50,09:15,11:15,9
1201,CRS_87 February,2024-02-17,50,09:30,11:30,87
1202,CRS_41 April,2024-04-24,50,11:45,13:45,41
1203,CRS_50 April,2021-04-23,50,10:15,11:15,50
1204,CRS_12 March,2021-03-02,50,11:15,14:15,12
1205,CRS_72 April,2022-04-03,50,09:45,10:45,72
1206,CRS_40 June,2024-06-27,50,10:00,13:00,40
1207,CRS_62 May,2024-05-03,50,10:45,13:45,62
1208,CRS_78 May,2023-05-24,50,14:45,15:45,78
1209,CRS_62 November,2024-11-28,50,12:30,14:30,62
1210,CRS_24 August,2024-08-11,50,16:30,19:30,24
1211,CRS_82 July,2023-07-11,50,13:15,15:15,82
1212,CRS_19 March,2023-03-05,50,12:30,14:30,19
1213,CRS_46 February,2021-02-11,50,09:00,11:00,46
1214,CRS_78 October,2024-10-26,50,11:00,13:00,78
1215,CRS_95 March,2024-03-25,50,14:15,15:15,95
1216,CRS_66 January,2022-01-15,50,13:15,15:15,66
1217,CRS_81 March,2022-03-16,50,16:00,17:00,81
1218,CRS_94 September,2021-09-27,50,11:15,12:15,94
1219,CRS_73 July,2023-07-26,50,10:00,13:00,73
1220,CRS_53 February,2021-02-06,50,10:00,11:00,53
1221,CRS_46 August,2021-08-28,50,09:15,12:15,46
1222,CRS_2 December,2022-12-13,50,09:00,12:00,2
1223,CRS_20 March,2021-03-27,50,12:00,13:00,20
1224,CRS_82 November,2022-11-09,50,13:30,16:30,82
1225,CRS_54 September,2024-09-18,50,15:00,17:00,54
1226,CRS_17 July,2022-07-12,50,16:15,19:15,17
1227,CRS_40 August,2024-08-07,50,09:30,10:30,40
1228,CRS_23 August,2022-08-19,50,15:45,18:45,23
1229,CRS_77 March,2022-03-13,50,12:15,15:15,77
1230,CRS_85 October,2023-10-10,50,15:15,16:15,85
1231,CRS_96 January,2024-01-22,50,09:45,10:45,96
1232,CRS_33 May,2022-05-11,50,15:00,18:00,33
1233,CRS_77 January,2024-01-02,50,17:45,20:45,77
1234,CRS_71 March,2024-03-05,50,10:00,13:00,71
1235,CRS_90 September,2024-09-25,50,12:45,15:45,90
1236,CRS_70 September,2021-09-20,50,13:15,15:15,70
1237,CRS_5 December,2020-12-01,50,16:15,18:15,5
1238,CRS_91 August,2022-08-13,50,09:15,10:15,91
1239,CRS_84 August,2023-08-18,50,16:15,17:15,84
1240,CRS_73 November,2023-11-16,50,12:45,15:45,73
1241,CRS_34 July,2020-07-21,50,12:15,13:15,34
1242,CRS_28 November,2024-11-15,50,16:00,17:00,28
1243,CRS_49 October,2022-10-12,50,16:15,19:15,49
1244,CRS_49 July,2021-07-20,50,12:00,15:00,49
1245,CRS_27 July,2022-07-13,50,09:00,10:00,27
1246,CRS_57 October,2024-10-25,50,12:45,14:45,57
1247,CRS_93 August,2022-08-26,50,17:30,18:30,93
1248,CRS_65 July,2024-07-16,50,17:00,19:00,65
1249,CRS_83 March,2022-03-15,50,15:00,17:00,83
1250,CRS_70 February,2022-02-11,50,17:00,20:00,70
1251,CRS_62 May,2022-05-11,50,16:30,18:30,62
1252,CRS_68 October,2023-10-20,50,11:15,12:15,68
1253,CRS_94 June,2022-06-05,50,15:00,16:00,94
1254,CRS_1 May,2022-05-22,50,17:00,19:00,1
1255,CRS_33 July,2021-07-08,50,09:15,10:15,33
1256,CRS_23 October,2024-10-24,50,14:45,16:45,23
1257,CRS_53 September,2022-09-22,50,15:15,18:15,53
1258,CRS_68 October,2024-10-13,50,17:00,19:00,68
1259,CRS_3 April,2024-04-08,50,15:30,16:30,3
1260,CRS_83 November,2024-11-07,50,12:15,15:15,83
1261,CRS_35 October,2023-10-05,50,13:45,14:45,35
1262,CRS_79 September,2024-09-09,50,09:00,10:00,79
1263,CRS_46 January,2021-01-20,50,09:15,10:15,46
1264,CRS_73 March,2021-03-07,50,13:15,14:15,73
1265,CRS_82 April,2024-04-19,50,15:00,16:00,82
1266,CRS_75 June,2023-06-18,50,15:45,17:45,75
1267,CRS_86 September,2024-09-08,50,14:45,16:45,86
1268,CRS_51 August,2023-08-23,50,13:00,15:00,51
1269,CRS_43 February,2023-02-07,50,15:15,18:15,43
1270,CRS_59 October,2024-10-09,50,09:30,11:30,59
1271,CRS_86 November,2021-11-17,50,14:00,17:00,86
1272,CRS_79 March,2024-03-24,50,09:15,10:15,79
1273,CRS_3 January,2024-01-04,50,15:15,16:15,3
1274,CRS_23 June,2021-06-07,50,17:30,18:30,23
1275,CRS_67 November,2023-11-06,50,16:45,18:45,67
1276,CRS_30 February,2023-02-16,50,14:00,17:00,30
1277,CRS_39 May,2020-05-26,50,16:30,17:30,39
1278,CRS_20 March,2022-03-24,50,15:00,18:00,20
1279,CRS_23 December,2024-12-01,50,15:00,18:00,23
1280,CRS_20 March,2022-03-18,50,17:15,18:15,20
1281,CRS_92 June,2023-06-10,50,09:15,11:15,92
1282,CRS_89 May,2022-05-20,50,12:00,14:00,89
1283,CRS_71 January,2024-01-26,50,10:45,12:45,71
1284,CRS_26 December,2021-12-24,50,09:00,10:00,26
1285,CRS_52 July,2024-07-24,50,14:30,17:30,52
1286,CRS_73 June,2021-06-21,50,11:30,12:30,73
1287,CRS_39 March,2024-03-11,50,16:45,18:45,39
1288,CRS_97 March,2021-03-27,50,17:45,20:45,97
1289,CRS_88 September,2024-09-07,50,13:15,15:15,88
1290,CRS_93 January,2022-01-07,50,09:15,12:15,93
1291,CRS_96 August,2024-08-15,50,15:45,16:45,96
1292,CRS_76 February,2023-02-13,50,14:15,17:15,76
1293,CRS_39 September,2024-09-20,50,12:30,15:30,39
1294,CRS_90 November,2023-11-12,50,16:45,17:45,90
1295,CRS_56 November,2020-11-05,50,17:30,18:30,56
1296,CRS_58 April,2024-04-17,50,09:00,12:00,58
1297,CRS_97 October,2021-10-20,50,11:00,12:00,97
1298,CRS_96 March,2024-03-22,50,15:45,17:45,96
1299,CRS_100 July,2023-07-14,50,13:00,16:00,100
1300,CRS_99 February,2024-02-27,50,15:00,18:00,99
1301,CRS_17 May,2024-05-13,50,16:30,17:30,17
1302,CRS_81 June,2024-06-27,50,16:00,18:00,81
1303,CRS_88 November,2024-11-08,50,12:30,14:30,88
1304,CRS_9 January,2022-01-25,50,12:30,15:30,9
1305,CRS_16 April,2020-04-18,50,12:30,15:30,16
1306,CRS_43 March,2022-03-10,50,11:15,12:15,43
1307,CRS_10 December,2023-12-12,50,16:00,18:00,10
1308,CRS_53 August,2023-08-11,50,14:30,15:30,53
1309,CRS_9 December,2021-12-15,50,16:15,18:15,9
1310,CRS_40 September,2022-09-04,50,13:15,16:15,40
1311,CRS_55 October,2023-10-18,50,10:30,11:30,55
1312,CRS_43 January,2024-01-17,50,11:30,12:30,43
1313,CRS_70 January,2021-01-18,50,12:00,15:00,70
1314,CRS_93 July,2024-07-02,50,16:00,19:00,93
1315,CRS_9 June,2022-06-23,50,11:00,14:00,9
1316,CRS_54 July,2023-07-17,50,10:00,12:00,54
1317,CRS_84 April,2024-04-08,50,11:45,14:45,84
1318,CRS_73 November,2024-11-12,50,10:15,11:15,73
1319,CRS_84 March,2024-03-03,50,16:15,18:15,84
1320,CRS_27 March,2023-03-19,50,11:00,13:00,27
1321,CRS_48 February,2022-02-14,50,15:30,18:30,48
1322,CRS_63 December,2022-12-02,50,14:00,17:00,63
1323,CRS_28 April,2024-04-18,50,11:30,12:30,28
1324,CRS_7 January,2024-01-02,50,15:15,17:15,7
1325,CRS_91 May,2024-05-01,50,13:30,14:30,91
1326,CRS_68 August,2024-08-24,50,17:45,20:45,68
1327,CRS_5 July,2024-07-22,50,15:15,18:15,5
1328,CRS_8 August,2023-08-21,50,10:15,11:15,8
1329,CRS_33 March,2024-03-26,50,17:00,19:00,33
1330,CRS_7 June,2024-06-17,50,14:45,15:45,7
1331,CRS_92 May,2022-05-22,50,09:45,10:45,92
1332,CRS_21 July,2024-07-15,50,14:15,17:15,21
1333,CRS_75 July,2023-07-25,50,11:30,13:30,75
1334,CRS_51 January,2021-01-22,50,10:30,13:30,51
1335,CRS_56 June,2021-06-14,50,15:30,18:30,56
1336,CRS_47 August,2024-08-03,50,14:00,15:00,47
1337,CRS_97 December,2024-12-02,50,12:00,15:00,97
1338,CRS_13 June,2024-06-26,50,11:30,13:30,13
1339,CRS_66 August,2021-08-27,50,09:00,10:00,66
1340,CRS_80 March,2024-03-26,50,11:15,14:15,80
1341,CRS_23 April,2023-04-04,50,13:30,15:30,23
1342,CRS_90 August,2024-08-09,50,11:00,14:00,90
1343,CRS_54 May,2020-05-16,50,09:30,12:30,54
1344,CRS_81 September,2022-09-23,50,14:30,17:30,81
1345,CRS_57 September,2024-09-16,50,09:45,12:45,57
1346,CRS_57 September,2024-09-28,50,14:45,16:45,57
1347,CRS_37 June,2022-06-25,50,09:30,10:30,37
1348,CRS_87 July,2023-07-23,50,15:45,17:45,87
1349,CRS_57 September,2024-09-21,50,09:00,12:00,57
1350,CRS_10 April,2022-04-14,50,13:30,16:30,10
1351,CRS_58 July,2024-07-18,50,09:15,10:15,58
1352,CRS_12 February,2023-02-16,50,16:30,17:30,12
1353,CRS_89 May,2021-05-14,50,09:15,12:15,89
1354,CRS_10 October,2023-10-07,50,12:00,13:00,10
1355,CRS_15 November,2023-11-13,50,14:00,16:00,15
1356,CRS_62 March,2024-03-22,50,14:45,16:45,62
1357,CRS_57 October,2024-10-23,50,13:15,16:15,57
1358,CRS_35 November,2020-11-25,50,13:45,15:45,35
1359,CRS_29 June,2021-06-21,50,11:00,13:00,29
1360,CRS_98 January,2022-01-26,50,11:45,13:45,98
1361,CRS_38 August,2023-08-18,50,17:00,18:00,38
1362,CRS_27 June,2022-06-05,50,14:15,16:15,27
1363,CRS_96 June,2024-06-23,50,10:45,11:45,96
1364,CRS_26 April,2020-04-01,50,13:00,14:00,26
1365,CRS_76 September,2023-09-13,50,10:15,13:15,76
1366,CRS_91 November,2024-11-12,50,13:45,15:45,91
1367,CRS_82 January,2024-01-16,50,16:15,18:15,82
1368,CRS_46 January,2024-01-20,50,13:00,15:00,46
1369,CRS_74 October,2023-10-15,50,14:00,17:00,74
1370,CRS_85 February,2024-02-27,50,13:45,16:45,85
1371,CRS_96 June,2022-06-04,50,10:45,13:45,96
1372,CRS_43 October,2024-10-05,50,13:15,16:15,43
1373,CRS_8 February,2024-02-24,50,17:00,20:00,8
1374,CRS_97 October,2023-10-21,50,15:15,17:15,97
1375,CRS_8 April,2024-04-08,50,17:30,20:30,8
1376,CRS_18 April,2022-04-25,50,16:00,19:00,18
1377,CRS_12 April,2024-04-09,50,15:30,18:30,12
1378,CRS_100 February,2024-02-21,50,14:45,16:45,100
1379,CRS_35 February,2024-02-09,50,15:30,16:30,35
1380,CRS_53 October,2023-10-17,50,16:15,18:15,53
1381,CRS_83 December,2024-12-09,50,10:00,13:00,83
1382,CRS_80 November,2023-11-11,50,14:30,15:30,80
1383,CRS_35 October,2024-10-10,50,15:30,18:30,35
1384,CRS_87 January,2024-01-07,50,09:45,10:45,87
1385,CRS_61 June,2024-06-16,50,17:45,18:45,61
1386,CRS_13 August,2021-08-16,50,17:30,18:30,13
1387,CRS_80 March,2024-03-19,50,10:30,12:30,80
1388,CRS_55 January,2022-01-03,50,09:00,12:00,55
1389,CRS_82 December,2021-12-16,50,13:30,16:30,82
1390,CRS_1 April,2024-04-23,50,14:30,15:30,1
1391,CRS_94 June,2024-06-04,50,17:30,20:30,94
1392,CRS_60 December,2022-12-14,50,17:45,19:45,60
1393,CRS_38 March,2021-03-22,50,09:45,10:45,38
1394,CRS_99 January,2021-01-02,50,11:00,12:00,99
1395,CRS_33 July,2022-07-23,50,13:45,15:45,33
1396,CRS_100 January,2023-01-10,50,17:30,19:30,100
1397,CRS_27 June,2023-06-24,50,14:45,16:45,27
1398,CRS_99 January,2024-01-05,50,16:30,18:30,99
1399,CRS_38 October,2020-10-03,50,14:45,16:45,38
1400,CRS_83 March,2022-03-03,50,09:30,12:30,83
1401,CRS_51 March,2021-03-16,50,14:30,16:30,51
1402,CRS_24 April,2024-04-11,50,11:30,12:30,24
1403,CRS_68 July,2024-07-03,50,17:00,20:00,68
1404,CRS_68 November,2022-11-21,50,17:00,20:00,68
1405,CRS_22 February,2023-02-17,50,17:15,20:15,22
1406,CRS_19 November,2023-11-27,50,11:00,12:00,19
1407,CRS_93 September,2022-09-25,50,16:30,17:30,93
1408,CRS_65 March,2023-03-19,50,10:45,11:45,65
1409,CRS_55 April,2023-04-23,50,11:15,13:15,55
1410,CRS_47 June,2024-06-24,50,14:30,15:30,47
1411,CRS_22 September,2022-09-22,50,14:15,15:15,22
1412,CRS_28 March,2024-03-01,50,13:15,14:15,28
1413,CRS_48 March,2024-03-16,50,10:00,13:00,48
1414,CRS_51 September,2023-09-15,50,15:00,16:00,51
1415,CRS_95 July,2021-07-03,50,11:15,14:15,95
1416,CRS_40 May,2023-05-02,50,13:15,14:15,40
1417,CRS_54 January,2021-01-19,50,09:15,10:15,54
1418,CRS_4 March,2023-03-04,50,13:00,15:00,4
1419,CRS_76 February,2024-02-01,50,17:45,18:45,76
1420,CRS_56 December,2023-12-07,50,14:30,17:30,56
1421,CRS_68 March,2023-03-04,50,13:15,15:15,68
1422,CRS_44 July,2022-07-24,50,17:15,19:15,44
1423,CRS_7 February,2022-02-03,50,17:15,20:15,7
1424,CRS_24 June,2022-06-06,50,09:15,10:15,24
1425,CRS_23 October,2023-10-20,50,15:30,18:30,23
1426,CRS_67 October,2021-10-07,50,10:45,12:45,67
1427,CRS_99 February,2024-02-20,50,09:00,11:00,99
1428,CRS_36 September,2024-09-19,50,17:15,19:15,36
1429,CRS_40 May,2021-05-18,50,14:15,15:15,40
1430,CRS_55 December,2021-12-05,50,17:45,20:45,55
1431,CRS_94 December,2024-12-12,50,14:15,16:15,94
1432,CRS_53 July,2024-07-04,50,17:45,18:45,53
1433,CRS_94 December,2020-12-01,50,12:30,14:30,94
1434,CRS_73 March,2021-03-25,50,13:15,15:15,73
1435,CRS_14 August,2023-08-11,50,14:15,16:15,14
1436,CRS_80 February,2022-02-16,50,11:00,14:00,80
1437,CRS_57 March,2024-03-07,50,11:45,12:45,57
1438,CRS_14 April,2024-04-27,50,10:45,11:45,14
1439,CRS_4 February,2024-02-05,50,13:15,16:15,4
1440,CRS_89 November,2022-11-10,50,11:45,12:45,89
1441,CRS_81 April,2023-04-27,50,16:30,17:30,81
1442,CRS_29 September,2024-09-12,50,09:45,12:45,29
1443,CRS_46 December,2022-12-25,50,17:15,18:15,46
1444,CRS_5 August,2024-08-23,50,13:00,16:00,5
1445,CRS_42 December,2023-12-24,50,10:15,11:15,42
1446,CRS_33 August,2023-08-10,50,15:30,16:30,33
1447,CRS_47 February,2024-02-23,50,14:30,17:30,47
1448,CRS_87 June,2024-06-24,50,17:45,20:45,87
1449,CRS_29 May,2024-05-12,50,13:15,14:15,29
1450,CRS_17 July,2023-07-19,50,11:00,13:00,17
1451,CRS_98 December,2021-12-18,50,16:15,19:15,98
1452,CRS_37 July,2020-07-13,50,13:30,16:30,37
1453,CRS_97 July,2023-07-06,50,15:00,16:00,97
1454,CRS_93 April,2020-04-06,50,16:45,17:45,93
1455,CRS_35 November,2023-11-03,50,13:15,14:15,35
1456,CRS_52 December,2022-12-10,50,11:00,12:00,52
1457,CRS_83 November,2022-11-03,50,11:15,12:15,83
1458,CRS_65 November,2023-11-03,50,14:15,16:15,65
1459,CRS_73 June,2024-06-15,50,15:30,16:30,73
1460,CRS_4 September,2024-09-04,50,12:45,14:45,4
1461,CRS_38 November,2023-11-02,50,09:45,12:45,38
1462,CRS_100 April,2023-04-21,50,12:30,14:30,100
1463,CRS_13 June,2024-06-07,50,11:15,13:15,13
1464,CRS_40 November,2020-11-16,50,13:30,16:30,40
1465,CRS_21 April,2024-04-24,50,14:45,16:45,21
1466,CRS_4 October,2024-10-06,50,12:00,13:00,4
1467,CRS_80 March,2022-03-01,50,09:45,10:45,80
1468,CRS_35 May,2023-05-26,50,09:15,12:15,35
1469,CRS_61 October,2021-10-01,50,15:45,16:45,61
1470,CRS_24 November,2023-11-14,50,14:30,16:30,24
1471,CRS_54 June,2023-06-22,50,13:45,15:45,54
1472,CRS_75 January,2024-01-25,50,10:15,11:15,75
1473,CRS_33 May,2022-05-20,50,15:15,17:15,33
1474,CRS_16 March,2024-03-28,50,11:45,14:45,16
1475,CRS_87 January,2024-01-23,50,16:00,18:00,87
1476,CRS_23 July,2022-07-05,50,13:45,15:45,23
1477,CRS_25 June,2023-06-07,50,17:45,19:45,25
1478,CRS_35 June,2023-06-19,50,11:00,13:00,35
1479,CRS_97 December,2024-12-12,50,17:45,20:45,97
1480,CRS_55 May,2024-05-20,50,17:45,19:45,55
1481,CRS_24 October,2023-10-05,50,16:45,18:45,24
1482,CRS_7 April,2023-04-05,50,14:45,15:45,7
1483,CRS_7 November,2024-11-17,50,14:00,16:00,7
1484,CRS_14 September,2024-09-18,50,15:00,17:00,14
1485,CRS_55 June,2022-06-16,50,13:15,14:15,55
1486,CRS_74 January,2024-01-15,50,16:00,19:00,74
1487,CRS_26 September,2023-09-05,50,14:00,17:00,26
1488,CRS_97 January,2024-01-18,50,11:30,14:30,97
1489,CRS_54 May,2022-05-28,50,17:30,18:30,54
1490,CRS_23 May,2022-05-20,50,17:15,20:15,23
1491,CRS_78 January,2024-01-16,50,13:15,14:15,78
1492,CRS_88 August,2024-08-08,50,12:45,13:45,88
1493,CRS_12 December,2022-12-25,50,12:45,13:45,12
1494,CRS_35 October,2024-10-27,50,11:15,12:15,35
1495,CRS_42 May,2022-05-26,50,09:30,11:30,42
1496,CRS_46 September,2023-09-24,50,17:45,20:45,46
1497,CRS_34 August,2024-08-08,50,11:30,14:30,34
1498,CRS_4 September,2023-09-22,50,12:00,13:00,4
1499,CRS_30 July,2022-07-20,50,13:00,15:00,30
1500,CRS_94 October,2023-10-19,50,17:45,18:45,94
